kyr_ce  kday       RECO_NT       RECO_DT        GPP_NT        GPP_DT           NEE         LE    LE_CORR   SWC_5cm  SWC_10cm  SWC_15cm  SWC_25cm sm_predict SWC_weighted
  YYYY 1-366 g C m-2 day-1 g C m-2 day-1 g C m-2 day-1 g C m-2 day-1 g C m-2 day-1      W m-2      W m-2         %         %         %         % (0.25m) mm    (0.25m) %
  2023     1           NaN           NaN           NaN           NaN           NaN        NaN        NaN       NaN       NaN       NaN       NaN        NaN          NaN
  2023     2           NaN           NaN           NaN           NaN           NaN        NaN        NaN       NaN       NaN       NaN       NaN        NaN          NaN
  2023     3           NaN           NaN           NaN           NaN           NaN        NaN        NaN       NaN       NaN       NaN       NaN        NaN          NaN
  2023     4           NaN           NaN           NaN           NaN           NaN        NaN        NaN       NaN       NaN       NaN       NaN        NaN          NaN
  2023     5           NaN           NaN           NaN           NaN           NaN        NaN        NaN       NaN       NaN       NaN       NaN        NaN          NaN
  2023     6           NaN           NaN           NaN           NaN           NaN        NaN        NaN       NaN       NaN       NaN       NaN        NaN          NaN
  2023     7           NaN           NaN           NaN           NaN           NaN        NaN        NaN       NaN       NaN       NaN       NaN        NaN          NaN
  2023     8           NaN           NaN           NaN           NaN           NaN        NaN        NaN       NaN       NaN       NaN       NaN        NaN          NaN
  2023     9           NaN           NaN           NaN           NaN           NaN        NaN        NaN       NaN       NaN       NaN       NaN        NaN          NaN
  2023    10           NaN           NaN           NaN           NaN           NaN        NaN        NaN       NaN       NaN       NaN       NaN        NaN          NaN
  2023    11           NaN           NaN           NaN           NaN           NaN        NaN        NaN       NaN       NaN       NaN       NaN        NaN          NaN
  2023    12           NaN           NaN           NaN           NaN           NaN        NaN        NaN       NaN       NaN       NaN       NaN        NaN          NaN
  2023    13           NaN           NaN           NaN           NaN           NaN        NaN        NaN       NaN       NaN       NaN       NaN        NaN          NaN
  2023    14           NaN           NaN           NaN           NaN           NaN        NaN        NaN       NaN       NaN       NaN       NaN        NaN          NaN
  2023    15           NaN           NaN           NaN           NaN           NaN        NaN        NaN       NaN       NaN       NaN       NaN        NaN          NaN
  2023    16           NaN           NaN           NaN           NaN           NaN        NaN        NaN       NaN       NaN       NaN       NaN        NaN          NaN
  2023    17           NaN           NaN           NaN           NaN           NaN        NaN        NaN       NaN       NaN       NaN       NaN        NaN          NaN
  2023    18           NaN           NaN           NaN           NaN           NaN        NaN        NaN       NaN       NaN       NaN       NaN        NaN          NaN
  2023    19           NaN           NaN           NaN           NaN           NaN        NaN        NaN       NaN       NaN       NaN       NaN        NaN          NaN
  2023    20           NaN           NaN           NaN           NaN           NaN        NaN        NaN       NaN       NaN       NaN       NaN        NaN          NaN
  2023    21           NaN           NaN           NaN           NaN           NaN        NaN        NaN       NaN       NaN       NaN       NaN        NaN          NaN
  2023    22           NaN           NaN           NaN           NaN           NaN        NaN        NaN       NaN       NaN       NaN       NaN        NaN          NaN
  2023    23           NaN           NaN           NaN           NaN           NaN        NaN        NaN       NaN       NaN       NaN       NaN        NaN          NaN
  2023    24           NaN           NaN           NaN           NaN           NaN        NaN        NaN       NaN       NaN       NaN       NaN        NaN          NaN
  2023    25           NaN           NaN           NaN           NaN           NaN        NaN        NaN       NaN       NaN       NaN       NaN        NaN          NaN
  2023    26           NaN           NaN           NaN           NaN           NaN        NaN        NaN       NaN       NaN       NaN       NaN        NaN          NaN
  2023    27           NaN           NaN           NaN           NaN           NaN        NaN        NaN       NaN       NaN       NaN       NaN        NaN          NaN
  2023    28           NaN           NaN           NaN           NaN           NaN        NaN        NaN       NaN       NaN       NaN       NaN        NaN          NaN
  2023    29           NaN           NaN           NaN           NaN           NaN        NaN        NaN       NaN       NaN       NaN       NaN        NaN          NaN
  2023    30           NaN           NaN           NaN           NaN           NaN        NaN        NaN       NaN       NaN       NaN       NaN        NaN          NaN
  2023    31           NaN           NaN           NaN           NaN           NaN        NaN        NaN       NaN       NaN       NaN       NaN        NaN          NaN
  2023    32           NaN           NaN           NaN           NaN           NaN        NaN        NaN       NaN       NaN       NaN       NaN        NaN          NaN
  2023    33           NaN           NaN           NaN           NaN           NaN        NaN        NaN       NaN       NaN       NaN       NaN        NaN          NaN
  2023    34           NaN           NaN           NaN           NaN           NaN        NaN        NaN       NaN       NaN       NaN       NaN        NaN          NaN
  2023    35           NaN           NaN           NaN           NaN           NaN        NaN        NaN       NaN       NaN       NaN       NaN        NaN          NaN
  2023    36           NaN           NaN           NaN           NaN           NaN        NaN        NaN       NaN       NaN       NaN       NaN        NaN          NaN
  2023    37           NaN           NaN           NaN           NaN           NaN        NaN        NaN       NaN       NaN       NaN       NaN        NaN          NaN
  2023    38           NaN           NaN           NaN           NaN           NaN        NaN        NaN       NaN       NaN       NaN       NaN        NaN          NaN
  2023    39           NaN           NaN           NaN           NaN           NaN        NaN        NaN       NaN       NaN       NaN       NaN        NaN          NaN
  2023    40           NaN           NaN           NaN           NaN           NaN        NaN        NaN       NaN       NaN       NaN       NaN        NaN          NaN
  2023    41           NaN           NaN           NaN           NaN           NaN        NaN        NaN       NaN       NaN       NaN       NaN        NaN          NaN
  2023    42           NaN           NaN           NaN           NaN           NaN        NaN        NaN       NaN       NaN       NaN       NaN        NaN          NaN
  2023    43           NaN           NaN           NaN           NaN           NaN        NaN        NaN       NaN       NaN       NaN       NaN        NaN          NaN
  2023    44           NaN           NaN           NaN           NaN           NaN        NaN        NaN       NaN       NaN       NaN       NaN        NaN          NaN
  2023    45           NaN           NaN           NaN           NaN           NaN        NaN        NaN       NaN       NaN       NaN       NaN        NaN          NaN
  2023    46           NaN           NaN           NaN           NaN           NaN        NaN        NaN       NaN       NaN       NaN       NaN        NaN          NaN
  2023    47           NaN           NaN           NaN           NaN           NaN        NaN        NaN       NaN       NaN       NaN       NaN        NaN          NaN
  2023    48           NaN           NaN           NaN           NaN           NaN        NaN        NaN       NaN       NaN       NaN       NaN        NaN          NaN
  2023    49           NaN           NaN           NaN           NaN           NaN        NaN        NaN       NaN       NaN       NaN       NaN        NaN          NaN
  2023    50           NaN           NaN           NaN           NaN           NaN        NaN        NaN       NaN       NaN       NaN       NaN        NaN          NaN
  2023    51           NaN           NaN           NaN           NaN           NaN        NaN        NaN       NaN       NaN       NaN       NaN        NaN          NaN
  2023    52           NaN           NaN           NaN           NaN           NaN        NaN        NaN       NaN       NaN       NaN       NaN        NaN          NaN
  2023    53           NaN           NaN           NaN           NaN           NaN        NaN        NaN       NaN       NaN       NaN       NaN        NaN          NaN
  2023    54           NaN           NaN           NaN           NaN           NaN        NaN        NaN       NaN       NaN       NaN       NaN        NaN          NaN
  2023    55           NaN           NaN           NaN           NaN           NaN        NaN        NaN       NaN       NaN       NaN       NaN        NaN          NaN
  2023    56           NaN           NaN           NaN           NaN           NaN        NaN        NaN       NaN       NaN       NaN       NaN        NaN          NaN
  2023    57           NaN           NaN           NaN           NaN           NaN        NaN        NaN       NaN       NaN       NaN       NaN        NaN          NaN
  2023    58           NaN           NaN           NaN           NaN           NaN        NaN        NaN       NaN       NaN       NaN       NaN        NaN          NaN
  2023    59           NaN           NaN           NaN           NaN           NaN        NaN        NaN       NaN       NaN       NaN       NaN        NaN          NaN
  2023    60           NaN           NaN           NaN           NaN           NaN        NaN        NaN       NaN       NaN       NaN       NaN        NaN          NaN
  2023    61           NaN           NaN           NaN           NaN           NaN        NaN        NaN       NaN       NaN       NaN       NaN        NaN          NaN
  2023    62           NaN           NaN           NaN           NaN           NaN        NaN        NaN       NaN       NaN       NaN       NaN        NaN          NaN
  2023    63           NaN           NaN           NaN           NaN           NaN        NaN        NaN       NaN       NaN       NaN       NaN        NaN          NaN
  2023    64           NaN           NaN           NaN           NaN           NaN        NaN        NaN       NaN       NaN       NaN       NaN        NaN          NaN
  2023    65           NaN           NaN           NaN           NaN           NaN        NaN        NaN       NaN       NaN       NaN       NaN        NaN          NaN
  2023    66           NaN           NaN           NaN           NaN           NaN        NaN        NaN       NaN       NaN       NaN       NaN        NaN          NaN
  2023    67           NaN           NaN           NaN           NaN           NaN        NaN        NaN       NaN       NaN       NaN       NaN        NaN          NaN
  2023    68           NaN           NaN           NaN           NaN           NaN        NaN        NaN       NaN       NaN       NaN       NaN        NaN          NaN
  2023    69           NaN           NaN           NaN           NaN           NaN        NaN        NaN       NaN       NaN       NaN       NaN        NaN          NaN
  2023    70           NaN           NaN           NaN           NaN           NaN        NaN        NaN       NaN       NaN       NaN       NaN        NaN          NaN
  2023    71           NaN           NaN           NaN           NaN           NaN        NaN        NaN       NaN       NaN       NaN       NaN        NaN          NaN
  2023    72           NaN           NaN           NaN           NaN           NaN        NaN        NaN       NaN       NaN       NaN       NaN        NaN          NaN
  2023    73           NaN           NaN           NaN           NaN           NaN        NaN        NaN       NaN       NaN       NaN       NaN        NaN          NaN
  2023    74           NaN           NaN           NaN           NaN           NaN        NaN        NaN       NaN       NaN       NaN       NaN        NaN          NaN
  2023    75           NaN           NaN           NaN           NaN           NaN        NaN        NaN       NaN       NaN       NaN       NaN        NaN          NaN
  2023    76           NaN           NaN           NaN           NaN           NaN        NaN        NaN       NaN       NaN       NaN       NaN        NaN          NaN
  2023    77           NaN           NaN           NaN           NaN           NaN        NaN        NaN       NaN       NaN       NaN       NaN        NaN          NaN
  2023    78           NaN           NaN           NaN           NaN           NaN        NaN        NaN       NaN       NaN       NaN       NaN        NaN          NaN
  2023    79           NaN           NaN           NaN           NaN           NaN        NaN        NaN       NaN       NaN       NaN       NaN        NaN          NaN
  2023    80           NaN           NaN           NaN           NaN           NaN        NaN        NaN       NaN       NaN       NaN       NaN        NaN          NaN
  2023    81           NaN           NaN           NaN           NaN           NaN        NaN        NaN       NaN       NaN       NaN       NaN        NaN          NaN
  2023    82           NaN           NaN           NaN           NaN           NaN        NaN        NaN       NaN       NaN       NaN       NaN        NaN          NaN
  2023    83           NaN           NaN           NaN           NaN           NaN        NaN        NaN       NaN       NaN       NaN       NaN        NaN          NaN
  2023    84           NaN           NaN           NaN           NaN           NaN        NaN        NaN       NaN       NaN       NaN       NaN        NaN          NaN
  2023    85           NaN           NaN           NaN           NaN           NaN        NaN        NaN       NaN       NaN       NaN       NaN        NaN          NaN
  2023    86           NaN           NaN           NaN           NaN           NaN        NaN        NaN       NaN       NaN       NaN       NaN        NaN          NaN
  2023    87           NaN           NaN           NaN           NaN           NaN        NaN        NaN       NaN       NaN       NaN       NaN        NaN          NaN
  2023    88           NaN           NaN           NaN           NaN           NaN        NaN        NaN       NaN       NaN       NaN       NaN        NaN          NaN
  2023    89           NaN           NaN           NaN           NaN           NaN        NaN        NaN       NaN       NaN       NaN       NaN        NaN          NaN
  2023    90           NaN           NaN           NaN           NaN           NaN        NaN        NaN       NaN       NaN       NaN       NaN        NaN          NaN
  2023    91           NaN           NaN           NaN           NaN           NaN        NaN        NaN       NaN       NaN       NaN       NaN        NaN          NaN
  2023    92           NaN           NaN           NaN           NaN           NaN        NaN        NaN       NaN       NaN       NaN       NaN        NaN          NaN
  2023    93           NaN           NaN           NaN           NaN           NaN        NaN        NaN       NaN       NaN       NaN       NaN        NaN          NaN
  2023    94           NaN           NaN           NaN           NaN           NaN        NaN        NaN       NaN       NaN       NaN       NaN        NaN          NaN
  2023    95           NaN           NaN           NaN           NaN           NaN        NaN        NaN       NaN       NaN       NaN       NaN        NaN          NaN
  2023    96           NaN           NaN           NaN           NaN           NaN        NaN        NaN       NaN       NaN       NaN       NaN        NaN          NaN
  2023    97           NaN           NaN           NaN           NaN           NaN        NaN        NaN       NaN       NaN       NaN       NaN        NaN          NaN
  2023    98           NaN           NaN           NaN           NaN           NaN        NaN        NaN       NaN       NaN       NaN       NaN        NaN          NaN
  2023    99           NaN           NaN           NaN           NaN           NaN        NaN        NaN       NaN       NaN       NaN       NaN        NaN          NaN
  2023   100           NaN           NaN           NaN           NaN           NaN        NaN        NaN       NaN       NaN       NaN       NaN        NaN          NaN
  2023   101           NaN           NaN           NaN           NaN           NaN        NaN        NaN       NaN       NaN       NaN       NaN        NaN          NaN
  2023   102           NaN           NaN           NaN           NaN           NaN        NaN        NaN       NaN       NaN       NaN       NaN        NaN          NaN
  2023   103           NaN           NaN           NaN           NaN           NaN        NaN        NaN       NaN       NaN       NaN       NaN        NaN          NaN
  2023   104           NaN           NaN           NaN           NaN           NaN        NaN        NaN       NaN       NaN       NaN       NaN        NaN          NaN
  2023   105           NaN           NaN           NaN           NaN           NaN        NaN        NaN       NaN       NaN       NaN       NaN        NaN          NaN
  2023   106           NaN           NaN           NaN           NaN           NaN        NaN        NaN       NaN       NaN       NaN       NaN        NaN          NaN
  2023   107           NaN           NaN           NaN           NaN           NaN        NaN        NaN       NaN       NaN       NaN       NaN        NaN          NaN
  2023   108           NaN           NaN           NaN           NaN           NaN        NaN        NaN       NaN       NaN       NaN       NaN        NaN          NaN
  2023   109           NaN           NaN           NaN           NaN           NaN        NaN        NaN       NaN       NaN       NaN       NaN        NaN          NaN
  2023   110           NaN           NaN           NaN           NaN           NaN        NaN        NaN       NaN       NaN       NaN       NaN        NaN          NaN
  2023   111           NaN           NaN           NaN           NaN           NaN        NaN        NaN       NaN       NaN       NaN       NaN        NaN          NaN
  2023   112           NaN           NaN           NaN           NaN           NaN        NaN        NaN       NaN       NaN       NaN       NaN        NaN          NaN
  2023   113           NaN           NaN           NaN           NaN           NaN        NaN        NaN       NaN       NaN       NaN       NaN        NaN          NaN
  2023   114           NaN           NaN           NaN           NaN           NaN        NaN        NaN       NaN       NaN       NaN       NaN        NaN          NaN
  2023   115           NaN           NaN           NaN           NaN           NaN        NaN        NaN       NaN       NaN       NaN       NaN        NaN          NaN
  2023   116           NaN           NaN           NaN           NaN           NaN        NaN        NaN       NaN       NaN       NaN       NaN        NaN          NaN
  2023   117           NaN           NaN           NaN           NaN           NaN        NaN        NaN       NaN       NaN       NaN       NaN        NaN          NaN
  2023   118           NaN           NaN           NaN           NaN           NaN        NaN        NaN       NaN       NaN       NaN       NaN        NaN          NaN
  2023   119           NaN           NaN           NaN           NaN           NaN        NaN        NaN       NaN       NaN       NaN       NaN        NaN          NaN
  2023   120           NaN           NaN           NaN           NaN           NaN        NaN        NaN       NaN       NaN       NaN       NaN        NaN          NaN
  2023   121      9.802156      4.492865      2.720978      0.979911      7.081171  31.812926  32.046825       NaN       NaN       NaN       NaN        NaN          NaN
  2023   122      8.888069      4.354448     13.383396      5.358021     -4.495329  82.220128  82.827697       NaN       NaN       NaN       NaN        NaN          NaN
  2023   123      8.144803      4.227161     11.758699      8.214769     -3.613892  81.360730  81.964051       NaN       NaN       NaN       NaN        NaN          NaN
  2023   124      9.520115      4.439028     14.063370      7.608052     -4.543254  66.378652  66.910100 42.220533 38.491967 32.666300 20.659633  85.740925    34.296370
  2023   125     10.447640      4.582913     14.942969      6.248154     -4.495329  82.220128  82.979605 42.337479 38.486104 32.635917 20.622625  85.784411    34.313765
  2023   126     10.085530      4.531613     13.699422      5.105844     -3.613892  81.360730  82.177574 42.330583 38.411687 32.483875 20.536562  85.584969    34.233988
  2023   127     11.307986      4.698451     15.851239      6.493301     -4.543254  66.378652  67.098056 42.246396 38.448667 32.567292 20.606854  85.638026    34.255210
  2023   128     10.429084      4.580921     14.924415      4.885137     -4.495329  82.220128  83.219706 42.337479 38.486104 32.635917 20.622625  85.784411    34.313765
  2023   129     10.600956      4.604804     14.214845      6.108242     -3.613892  81.360730  82.468001 42.330583 38.411687 32.483875 20.536562  85.584969    34.233988
  2023   130     10.130644      4.535478     14.673897      7.932859     -4.543254  66.378652  67.428952 42.246396 38.448667 32.567292 20.606854  85.638026    34.255210
  2023   131      9.962553      4.513404     14.457882      7.563968     -4.495329  82.220128  83.647042 42.337479 38.486104 32.635917 20.622625  85.784411    34.313765
  2023   132      8.762482      4.338620     12.376376      5.021124     -3.613892  81.360730  82.875554 42.330583 38.411687 32.483875 20.536562  85.584969    34.233988
  2023   133      8.715033      4.330708     13.258287      6.284986     -4.543254  66.378652  67.722398 42.246396 38.448667 32.567292 20.606854  85.638026    34.255210
  2023   134      9.740802      4.470711     14.236137      7.415144     -4.495329  82.220128  84.175844 42.337479 38.486104 32.635917 20.622625  85.784411    34.313765
  2023   135      9.280954      4.415125     12.894848      7.739504     -3.613892  81.360730  83.533047 42.330583 38.411687 32.483875 20.536562  85.584969    34.233988
  2023   136      9.255195      4.401763     13.495836      7.800575     -4.240639  63.233415  65.123845 42.246396 38.448667 32.567292 20.606854  85.638026    34.255210
  2023   137      9.618198      4.461321     14.326582      6.863682     -4.708384  63.233415  65.357201 42.281562 38.504125 32.691500 20.674042  85.818880    34.327552
  2023   138      9.966122      4.505842     14.336534      8.257472     -4.370414  63.347564  65.726506 42.281562 38.504125 32.691500 20.674042  85.818880    34.327552
  2023   139      9.298717      4.442243     14.094158      7.307696     -4.795446  67.765648  70.572838 42.282583 38.501438 32.691208 20.673229  85.817677    34.327071
  2023   140      9.098013      4.506205     12.145683      8.501376     -3.047670  94.291228  98.471744 42.384687 38.467188 32.575417 20.572083  85.739714    34.295885
  2023   141      8.557606      4.538985     12.790229      9.006026     -4.232623  89.627563  93.870452 42.334167 38.291667 32.236875 20.391146  85.269688    34.107875
  2023   142      8.261867      4.578841     12.419686      7.501359     -4.157826  81.920581  86.136079 42.188958 38.165833 31.926354 20.181875  84.760339    33.904135
  2023   143      8.227286      4.551578     14.268770      7.785935     -6.041484  84.335367  89.017551 42.120729 38.008021 31.744479 20.056250  84.431042    33.772417
  2023   144      8.378951      4.543401     13.690669      7.766084     -5.311716  87.455653  92.630592 42.025208 37.949375 31.538958 19.883854  84.089740    33.635896
  2023   145      8.325324      4.525087     14.333534      8.148644     -6.008204  71.623400  75.991050 42.032500 37.774687 31.438333 19.778437  83.879688    33.551875
  2023   146      8.079592      4.440743     15.267344      9.245722     -7.187755 110.440749 117.258217 42.082812 37.673125 31.383125 19.670417  83.771224    33.508490
  2023   147      8.463552      4.471626     15.562019      8.358159     -7.156952 113.647036 120.693551 41.965104 37.489167 31.109896 19.546146  83.323906    33.329563
  2023   148      8.582665      4.484645     15.011809      8.376753     -6.429148  98.680227 104.804507 41.835000 37.261667 30.959063 19.425104  82.938932    33.175573
  2023   149      8.327897      4.439020     18.757527      8.299236    -10.429627  91.411937  97.217891 41.602083 37.021667 30.806667 19.353438  82.494115    32.997646
  2023   150      8.468149      4.446295     10.238349      6.194399     -1.770208  53.393334  56.810588 41.438437 36.855729 30.723021 19.305833  82.201875    32.880750
  2023   151      8.577522      4.444389      9.881610      6.983439     -1.304089  36.637599  39.056547 41.437083 36.765208 31.355625 19.302917  82.628594    33.051437
  2023   152      8.677752      4.440250     11.976940      7.123048     -3.299188  51.230439  54.678633 41.356667 36.620417 31.671354 19.260417  82.711432    33.084573
  2023   153      8.940923      4.460916     17.164663      8.211103     -8.223739  93.785759 100.208942 41.152708 36.400521 31.216562 19.128958  82.041693    32.816677
  2023   154      9.622376      4.534961     16.301000      8.553508     -6.678621  98.781087 105.695353 40.936875 36.201354 31.027396 18.929583  81.538672    32.615469
  2023   155      9.517542      4.505310     15.013075      9.243340     -5.495534 104.008797 111.421690 40.784375 36.105000 30.852292 18.770729  81.165365    32.466146
  2023   156      9.374996      4.472352     10.801783      7.144850     -1.426788  59.870098  64.243640 40.637083 35.961771 30.775833 18.681875  80.881510    32.352604
  2023   157      9.418270      4.460575     10.710797      6.478623     -1.292524  43.441356  46.738206 40.458958 35.923229 30.719479 18.696354  80.693620    32.277448
  2023   158      9.913923      4.511403     16.303760      7.883397     -6.389840 104.186306 112.386675 40.288333 35.954375 30.590208 18.593854  80.433021    32.173208
  2023   159     10.427373      4.560957     16.567008      8.797085     -6.139632 110.902319 119.921732 40.161979 36.091875 30.360000 18.432813  80.153828    32.061531
  2023   160     10.370972      4.688173     16.787072      9.293158     -6.416107 112.950391 122.376764 39.938333 36.261979 30.181458 18.255312  79.848490    31.939396
  2023   161     11.774387      4.978813     18.058473      9.350248     -6.284092 148.090929 160.805969 39.744271 36.130625 29.830521 17.924063  79.208438    31.683375
  2023   162     12.787155      5.091118     18.575780      7.212194     -5.788626 129.544227 140.942634 39.418021 36.021458 29.548750 17.334375  78.402995    31.361198
  2023   163     12.231960      4.995574     16.799973      4.917269     -4.568013  96.461074 105.148532 39.137604 35.856354 29.229688 17.033333  77.720312    31.088125
  2023   164     11.727481      4.894141     15.920837      9.260194     -4.193360 145.655026 158.945899 38.789167 35.586562 28.850000 16.803229  76.924271    30.769708
  2023   165     11.599826      4.855275     16.399124      9.433573     -4.799293 130.263193 142.226275 38.353854 35.165833 28.451458 16.477917  75.925859    30.370344
  2023   166     11.914187      4.876470     16.110934      8.622189     -4.196746 121.582112 132.769004 37.829687 34.194167 28.027500 16.109479  74.544714    29.817885
  2023   167     11.705083      4.821703     16.445133      9.385507     -4.740048 145.325297 158.673263 37.097812 33.118437 27.489167 15.630208  72.814557    29.125823
  2023   168     11.527208      4.777135     18.379095      8.045822     -6.851887 101.929516 111.194217 36.381042 31.937813 26.990313 15.113021  71.053932    28.421573
  2023   169     12.966212      4.952996     16.296799      6.496019     -3.330578  97.307185 106.061371 35.648646 30.896771 26.508125 14.598125  69.365026    27.746010
  2023   170     12.253041      4.934511     16.092451      7.883318     -3.839404 123.954573 134.901080 34.874271 29.827292 25.828021 14.080000  67.480365    26.992146
  2023   171     11.250689      4.880830     11.430403      5.889695     -0.179715  85.166155  92.423088 34.154167 28.983542 25.243854 13.990104  66.035339    26.414135
  2023   172     11.324840      4.885113     14.761050      6.910931     -3.436214 126.491921 136.880544 33.026875 28.158438 24.491146 13.486875  63.961172    25.584469
  2023   173     11.553811      4.913879     13.876967      4.918588     -2.330940 106.542285 114.928256 31.435729 26.934271 23.118333 12.420729  60.593047    24.237219
  2023   174     11.604651      4.920019     15.584644      5.564263     -4.035932 114.314974 122.906865 29.981250 25.505313 21.481667 11.129583  56.914635    22.765854
  2023   175     12.559862      5.047536     17.588851      4.664107     -5.053205 107.434242 115.219707 28.456146 23.962812 19.639896  9.855417  52.981146    21.192458
  2023   176     13.475951      5.154581     14.582056      6.585279     -1.106105 131.938184 141.210588 25.746146 21.721875 16.933125  8.792396  47.266589    18.906635
  2023   177     10.622129      4.782827     12.049643      8.326955     -1.391355 106.943082 114.310738 22.598750 19.715208 14.694583  7.962292  41.808750    16.723500
  2023   178     10.699837      4.737458     10.281297      5.247202      0.418542  53.100887  56.698159 21.405937 18.795312 13.982604  7.582604  39.730365    15.892146
  2023   179     13.331231      4.985211     13.353548      5.004524     -0.022320  60.398881  64.414350 20.787708 18.108646 13.636771  7.291146  38.518255    15.407302
  2023   180     12.331511      4.766058     10.693335      5.363051      1.638178 115.885375 123.449695 20.307188 18.941875 17.482292 12.689479  44.157786    17.663115
  2023   181     11.946905      4.645038     11.831337      3.678310      0.115572  85.713466  91.268118 20.177187 19.917917 19.325625 11.816667  45.494401    18.197760
  2023   182     13.828149      4.824560     12.839035      5.808519      0.989109 117.739826 125.433985 19.952500 19.524167 17.912604 10.457083  43.389453    17.355781
  2023   183     12.660475      4.635347     16.749163      7.821960     -4.088693 117.831403 125.676163 19.304167 18.620104 15.981458  9.260104  40.404323    16.161729
  2023   184     10.946738      4.613437     14.532061      7.694512     -3.585327 103.535829 110.540389 18.454375 17.677500 14.321979  8.354896  37.598464    15.039385
  2023   185      8.514866      4.600476     10.669455      5.913553     -2.154584  83.236405  88.923168 17.922500 17.140313 13.907187  7.944479  36.414661    14.565865
  2023   186      6.391776      4.636467      7.119020      7.536142     -0.727242  96.575466 103.290308 17.895208 17.068542 18.044583 11.401146  41.189687    16.475875
  2023   187      4.822184      4.682426      9.235802      2.825859     -4.413617 108.157787 115.786218 17.718646 17.067812 18.520833 10.244063  40.835547    16.334219
  2023   188      6.477988      4.954103     10.336402      2.448383     -3.858413 146.362921 156.812615 17.007500 16.573542 15.720208  8.598333  37.131719    14.852688
  2023   189      7.915936      5.096972     12.715546      6.643450     -4.799606 114.298662 122.564115 16.055312 15.667708 13.547500  7.366458  33.719193    13.487677
  2023   190      7.934537      4.922613     10.949628      2.385812     -3.015089  92.491166  99.314077 15.529896 14.972604 12.726979  6.813750  32.085833    12.834333
  2023   191      8.647116      4.889423     13.500959      6.677155     -4.853840 123.799933 133.110234 14.688542 14.094167 11.853125  6.428750  30.167708    12.067083
  2023   192      9.433590      4.889147     11.336415      6.858204     -1.902822 119.883635 129.166215 14.128646 13.425104 11.274896  6.178125  28.854271    11.541708
  2023   193      9.587810      4.751326     11.767116      6.422125     -2.179301 108.668275 117.274649 13.761146 12.953333 10.936979  6.016250  28.008385    11.203354
  2023   194     10.397551      4.731439     11.326587      2.533434     -0.929036  84.936774  91.788113 13.603438 13.907292 13.886458  6.278125  30.710130    12.284052
  2023   195     11.091387      4.702357      8.308197      0.749638      2.783195  42.557313  45.205074 13.635104 17.652292 21.735313  7.930417  39.319167    15.727667
  2023   196     12.593761      4.855372     16.479529      0.542512     -3.885765 136.936543  57.857360 13.684688 21.783333 24.646458  9.828854  44.554453    17.821781
  2023   197     11.446117      4.798166     13.348203      2.291598     -1.902079 131.563156  51.322800 13.741667 20.374896 22.172500  8.947917  41.597031    16.638813
  2023   198     10.209693      4.767277     16.133462      1.326210     -5.923770 110.120007  47.587478 13.793646 18.326354 20.205729  8.282292  38.803854    15.521542
  2023   199      8.296603      4.687405     11.210016      0.695993     -2.913413  79.640208  38.390985 13.853438 16.814896 18.311354  7.792083  36.427083    14.570833
  2023   200      7.046512      4.719941     10.386536      0.667996     -3.340021  71.490935  39.941618 13.873333 16.125417 17.020937  7.428646  34.947734    13.979094
  2023   201      5.408373      4.663567      9.607469      2.064794     -4.099461  86.022511  32.514384 13.861875 15.362917 15.674271  7.083542  33.375339    13.350135
  2023   202      3.776795      4.566959      9.549136      1.879295     -5.772342  77.255023  29.744303 13.818125 14.665000 14.292812  6.795000  31.813203    12.725281
  2023   203      2.644530      4.664322      2.458638      0.000000      0.185892  62.859985  32.226406 13.836562 14.419271 13.771875  6.673125  31.252526    12.501010
  2023   204      1.496393      4.884535      2.852160      1.283081     -1.355767  98.997066  64.957898 13.851250 14.330937 16.715208  6.718750  33.449688    13.379875
  2023   205      0.321562      4.638477      0.160264      2.641953      0.161299  89.045197  70.338716 13.871458 14.250521 17.333229  6.773750  33.915651    13.566260
  2023   206      1.376965      4.601119      3.502564      1.449318     -2.125599  77.654497  68.279868 13.882604 14.207604 16.810937  6.774375  33.511146    13.404458
  2023   207      2.830336      4.660627      9.350023      1.320375     -6.519687 125.050223 111.024688 13.867083 14.054063 15.250833  6.747500  32.239219    12.895687
  2023   208      4.931512      4.941379      7.252201      2.324463     -2.320687  96.057939  90.320354 20.318021 22.655000 22.167604 10.318646  48.351042    19.340417
  2023   209      6.418361      4.920388      7.980130      3.317554     -1.561772  82.722088  80.135193 24.631042 24.328021 22.893750  9.962083  52.788646    21.115458
  2023   210      7.978271      4.875642      8.427869      6.098263     -0.449598 119.178954 118.702159 23.844063 23.040104 21.514792  9.326771  50.202578    20.081031
  2023   211     10.165504      4.778116     10.157793      3.676655      0.007709  93.077894  94.245643 22.172708 21.393229 20.268750  8.775729  46.915573    18.766229
  2023   212     12.734371      4.836763     10.987984      0.000000      1.746393  79.146091  81.105874 21.422917 22.048958 22.234792  9.391875  48.463698    19.385479
  2023   213     13.089544      4.750530     13.713267      1.313269     -0.623725  69.562121  70.765291 20.993229 22.009687 21.976771  9.420000  47.942344    19.176938
  2023   214     14.965993      4.842229     14.284339      4.697797      0.681647 119.064205 121.019459 20.379479 22.036979 21.970729  9.448021  47.505156    19.002062
  2023   215     14.134828      7.158193     14.587824      5.956435     -0.452996  89.361801  90.690125 19.947604 23.057188 22.740729  9.655000  48.372344    19.348938
  2023   216     13.455480     12.064095     12.032731      9.833240      1.422751  76.408354  77.680235 20.359271 23.284271 22.824583  9.652188  48.856120    19.542448
  2023   217     11.194155     11.057653      6.119705      5.287220      5.074454  81.591705  83.075291 24.262500 27.336042 24.791562 11.021771  55.969453    22.387781
  2023   218     10.981888      5.216189     11.579440      4.995228     -0.598009  90.355361  91.733171 31.483542 31.721354 26.740313 12.470937  65.764036    26.305615
  2023   219     10.719150      5.102327     13.116973      5.118820     -2.481617  94.249619  95.844760 30.398750 29.828646 25.722812 11.966771  62.988880    25.195552
  2023   220      9.850896     10.806893     10.264909      9.399324     -0.441293  62.107134  63.086990 29.017500 28.448854 24.813438 11.510417  60.352839    24.141135
  2023   221     10.903802     13.356220     12.230815     13.699095     -1.365806 110.757006 112.124567 27.886667 27.344063 23.992604 10.922083  58.042526    23.217010
  2023   222     12.478094     12.180293     12.928004     11.913380     -0.449908 122.876782 124.609074 26.365417 25.882292 22.763854 10.121875  54.849036    21.939615
  2023   223     12.332460     11.477333     11.200170      9.820610      1.281633  97.649270  99.157885 24.655417 24.157813 21.269271  9.503021  51.273932    20.509573
  2023   224     10.838735     11.195038      9.380773     10.144843      1.509259  84.690312  85.758161 23.092812 22.697812 20.049479  9.011042  48.211146    19.284458
  2023   225     10.826877     11.141366      9.571728      9.527209      1.291302  82.581435  83.485414 21.879062 21.387812 18.789583  8.662083  45.526432    18.210573
  2023   226     10.544034     10.615519      7.307687      8.282948      3.278083  74.294849  75.004410 21.249688 20.263021 17.458958  8.567813  43.446901    17.378760
  2023   227      9.785198      9.956998      8.394045     10.060695      1.427387  72.846024  73.562623 20.542083 19.306458 16.483125  8.352187  41.598229    16.639292
  2023   228     10.094429      9.770693     10.218555      9.525506      0.019147  73.368639  74.036546 19.371771 18.179688 15.369271  8.089583  39.190417    15.676167
  2023   229      9.279985      9.734980     10.338720     11.107343     -0.950010  90.248210  91.260084 18.214896 17.089792 14.267604  7.728750  36.771146    14.708458
  2023   230      9.459846     10.452459      7.054061      7.310948      2.417226  55.852355  56.657585 17.346354 16.282292 13.493438  7.458542  35.000260    14.000104
  2023   231     10.376891     10.763270      9.865093     10.348143      0.537585 121.903449 123.806009 16.677604 15.904687 19.277188  9.201042  39.518958    15.807583
  2023   232      9.675574      9.946023      9.244781      9.193722      0.535540  82.121964  83.635210 16.339479 15.756563 17.996771  8.779375  38.020156    15.208062
  2023   233      9.802970      9.571371      9.986214     10.208607     -0.131969  90.808105  92.688959 15.969062 15.414687 16.405104  8.352500  36.164219    14.465687
  2023   234     10.530798      9.525261      9.475658      9.238064      1.109438  92.414956  94.373684 15.423125 14.971146 14.756562  7.889271  34.064974    13.625990
  2023   235     10.455357      9.859846     10.938388     10.084477     -0.499479  90.086404  92.538559 15.001979 14.518542 13.492708  7.461458  32.361016    12.944406
  2023   236     11.327378     11.237860     10.137559      9.917258      1.210990  75.969822  77.716969 14.565937 14.117708 12.626667  7.117396  31.012005    12.404802
  2023   237     10.150203     11.564909     10.341113     10.807400     -0.190909  72.825904  74.268245 14.259479 13.758021 11.987396  6.853750  29.991042    11.996417
  2023   238      9.332623     11.725425      8.314533     10.574543      1.018089  58.048737  59.123027 14.102500 13.489896 11.526771  6.656250  29.295026    11.718010
  2023   239      9.491457     11.628785      8.314379     11.111294      1.177078  84.591527  86.105296 14.006250 13.393333 11.375000  6.693125  29.079167    11.631667
  2023   240      9.664701     10.724405      9.188410     10.406235      0.476291  74.020549  74.889223 14.012188 13.355833 11.271146  6.692500  28.986667    11.594667
  2023   241      9.382830      9.946873      6.794060      5.523614      2.588774  47.086328  47.472125 13.974479 13.255937 11.132188  6.574375  28.745156    11.498063
  2023   242      8.313721      9.189366      7.234723      3.636112      1.078995  61.900410  61.929495 14.007500 13.222083 11.064271  6.542500  28.686120    11.474448
  2023   243      8.407617      9.539536      7.862908      3.875430      0.544713  67.264739  67.606285 13.897500 13.106354 10.954583  6.487500  28.435990    11.374396
  2023   244      9.630844     11.170290      7.846278      7.030824      1.784566  48.664663  49.046642 13.835938 13.080937 10.891771  6.410000  28.291250    11.316500
  2023   245      9.002116     10.788624      8.099952      9.829849      0.902157  60.361873  61.150126 13.863958 13.025729 10.821875  6.359375  28.206927    11.282771
  2023   246      8.037653      8.715387      7.633389      8.858006      0.404265  66.779220  67.566959 13.685729 12.836562 10.551458  6.289375  27.740859    11.096344
  2023   247      9.066089      7.902738      8.441177      7.883090      0.624911  83.793687  84.437707 13.517396 12.664687 10.322604  6.159375  27.292031    10.916812
  2023   248      9.235246      7.393091      7.811805      7.243108      1.428322  78.612023  79.195566 13.272396 12.452708 10.167083  6.046875  26.829401    10.731760
  2023   249      9.057566      6.837279      8.400466      6.301524      0.664051  56.536646  56.819854 13.145104 12.306146 10.066875  5.966875  26.545495    10.618198
  2023   250      9.619410      6.520506      8.005782      6.363129      1.613617  76.188094  76.801204 12.891250 12.089896  9.882083  5.870000  26.059948    10.423979
  2023   251      9.237479      6.739431      8.193277      6.527726      1.044870  58.117151  59.056929 12.684896 11.932604  9.722396  5.776875  25.660208    10.264083
  2023   252     10.122045      8.089459      9.689133      7.086667      0.447104  77.655022  79.126928 12.499063 11.853333  9.642083  5.711250  25.388151    10.155260
  2023   253      9.593401      8.182525      8.603425      6.713930      1.008909  66.688664  68.023576 12.360312 11.708229  9.540417  5.605625  25.082474    10.032990
  2023   254      9.044601      7.176557      7.119363      5.716720      1.933213  59.037934  60.378682 12.263542 11.677500  9.440625  5.521250  24.877500     9.951000
  2023   255      8.022431      6.142372      4.528220      3.612048      3.514324  65.921406  67.850613 13.703646 13.636146 13.094687  6.004375  29.919010    11.967604
  2023   256      7.419410      5.939968      5.142812      5.825953      2.286139  59.954544  61.629262 16.154062 18.203125 19.633750  6.959375  39.422109    15.768844
  2023   257      7.890205      6.830844      6.818511      6.299105      1.085774  60.257420  62.126501 15.602292 17.738333 18.104792  6.793125  37.546042    15.018417
  2023   258      8.042333      7.971507      7.333424      7.752294      0.717970  66.714526  68.907643 15.113125 16.883437 16.666667  6.588125  35.570625    14.228250
  2023   259      8.324672      8.705879      6.735821      7.398003      1.622611  53.527836  55.556629 14.707188 15.981771 15.181042  6.422500  33.618307    13.447323
  2023   260      8.466780      8.881889      6.606742      5.499938      1.861233  36.428306  37.649306 14.480104 15.270625 14.178542  6.318125  32.288359    12.915344
  2023   261      8.152954      8.693435      5.081192      6.053054      3.076552  72.389656  74.998809 14.703437 14.986667 19.485104  6.497500  36.383490    14.553396
  2023   262      8.548672      8.774180      3.024889      3.491990      5.524892  58.671379  60.921566 14.553542 14.910729 19.092708  6.657500  36.018802    14.407521
  2023   263      9.187580      8.738476      4.862943      4.068786      4.330452  55.361723  57.495559 15.546354 15.769167 19.644583  7.079479  37.817526    15.127010
  2023   264      7.657065      7.419475      5.477724      5.359208      2.189076  41.978998  43.849549 27.639687 26.689167 25.887708  9.516875  58.248568    23.299427
  2023   265      7.398662      7.063580      5.237252      5.725856      2.167185  48.362337  50.915428 27.593021 26.482292 24.530937  9.662292  57.165260    22.866104
  2023   266      7.182584      6.940972      5.679968      5.635762      1.505184  46.336896  48.927639 27.272604 26.054375 23.941979  9.711875  56.294062    22.517625
  2023   267      8.461016      7.423552      3.684630      3.597129      4.777139  48.441734  51.446501 26.858229 25.659479 23.366771  9.667813  55.332396    22.132958
  2023   268      8.600912      7.278860      6.082779      5.920326      2.517857  59.312579  62.809996 26.299167 25.178438 22.758854  9.531771  54.148620    21.659448
  2023   269      8.147121      7.014662      5.591379      5.229737      2.555742  49.397639  52.295254 25.799271 24.662917 22.205833  9.439375  53.054974    21.221990
  2023   270      7.914720      7.076201      5.536139      4.985226      2.378578  47.475411  50.130291 25.329479 24.205104 21.663542  9.306563  52.000599    20.800240
  2023   271      7.729872      7.300273      4.192212      4.071013      3.537659  39.053857  41.152667 24.907979 23.686688 21.245812  9.104667  51.011021    20.404408
  2023   272      7.448860      7.509386      5.673002      6.599327      1.775854  52.915793  55.958680 24.751250 23.438646 21.125312  9.186250  50.719870    20.287948
  2023   273      7.188585      7.698836      4.263801      5.197792      2.924783  39.870462  42.298460 24.656667 23.478333 21.238229  9.403750  50.862214    20.344885
  2023   274      9.196697      8.788354      4.450784      3.547157      4.745914  35.451034  37.563423 24.516146 23.343229 21.118854  9.372500  50.584115    20.233646
  2023   275      8.998118      9.015892      4.810003      4.005128      4.188112  35.079064  37.169688 24.591458 24.090521 21.909479  9.862083  51.852005    20.740802
  2023   276      7.738716      8.788160      4.555218      5.352113      3.183496  56.326191  59.670497 28.460417 30.515000 27.096250 13.854375  63.852188    25.540875
  2023   277      7.878904      8.985666      5.085344      5.701752      2.793560  39.180033  41.646573 28.565833 29.196042 25.893021 13.396875  62.140599    24.856240
  2023   278      8.502949      9.325506      6.111056      6.394785      2.391899  44.284021  46.914809 28.305729 28.419375 25.129792 13.026146  60.799401    24.319760
  2023   279      8.915908      9.878821      6.247782      6.602525      2.668127  47.101785  49.623342 28.001458 27.781250 24.542292 12.589687  59.593281    23.837312
  2023   280      8.545669     10.226974      6.277411      6.484753      2.268254  42.353389  44.518762 27.656563 27.256979 24.066562 12.261146  58.551406    23.420562
  2023   281      7.413319     10.022541      4.746371      6.784766      2.666945  39.254716  40.664945 27.401146 26.809479 23.677604 12.010521  57.719062    23.087625
  2023   282      7.249234     10.157881      5.051805      6.748609      2.197428  37.717540  38.736300 27.154062 26.417396 23.324583 11.805938  56.970651    22.788260
  2023   283      6.771697     10.152967      4.107001      6.473731      2.675468  43.555765  44.133101 26.868021 26.038854 22.965521 11.581042  56.185104    22.474042
  2023   284      6.230155      9.957952      2.257850      3.473113      3.980585  29.194952  29.513779 26.589063 25.783021 22.752396 11.449479  55.622344    22.248938
  2023   285      5.057400      7.993703      1.748825      3.002883      3.321698  20.661304  20.649764 26.936146 26.511667 23.679479 12.412917  57.424010    22.969604
  2023   286      5.702750      8.150823      2.333231      3.167039      3.405878  45.161321  44.647445 32.352708 34.598646 30.094271 19.147396  73.708255    29.483302
  2023   287      3.964139      5.256745      2.800252      3.913989      1.284511  37.701484  36.677275 33.607604 33.518542 28.163542 18.387187  72.281224    28.912490
  2023   288      3.253463      3.818208      1.700710      3.692493      1.583024  32.740720  31.996280 32.193021 31.705313 26.918021 17.312083  68.841979    27.536792
  2023   289      3.663222      4.578110      1.679243      3.129749      2.060945  23.644922  22.758040 31.670312 30.981146 26.533229 16.960313  67.623385    27.049354
  2023   290      5.079981      7.305908      3.934783      5.205302      1.224303  35.259728  33.709276 31.221458 30.515521 26.294896 16.693958  66.742005    26.696802
  2023   291      6.260991      9.201698      4.723857      5.061537      1.541538  43.732380  41.760038 30.936250 30.191875 26.154479 16.462604  66.145286    26.458115
  2023   292      7.370227     10.477224      2.538732      5.799983      4.831491  58.001000  54.844423 32.291250 32.027396 27.213125 17.831458  69.557708    27.823083
  2023   293      6.606196      9.453695      0.023684      1.606246      6.600600  42.098149  39.693935 36.645938 37.126146 32.576250 21.856146  81.407786    32.563115
  2023   294      6.394848      8.473867      3.536394      3.797164      2.897742  25.036059  23.316434 36.473125 35.624688 29.605833 20.341979  77.542552    31.017021
  2023   295      5.637499      7.058911      4.256667      6.418229      1.436046  30.533405  28.352653 36.808646 35.760208 29.520000 20.291979  77.772578    31.109031
  2023   296      6.296749      6.782970      4.277632      4.877435      2.038680  27.752287  25.837181 36.774687 35.573958 29.243646 20.011875  77.306667    30.922667
  2023   297      6.269929      5.967243      2.725948      2.323329      3.544904  13.682872  12.670991 36.941250 35.618646 29.311562 20.085729  77.541797    31.016719
  2023   298      6.068607      5.062100      3.557501      3.028085      2.511107  15.012827  13.855323 37.029792 35.746354 29.345208 20.176354  77.742604    31.097042
  2023   299      7.018914      4.811490      3.408691      1.648188      3.610047  17.692038  16.344438 37.238854 36.000625 29.675313 20.438854  78.405365    31.362146
  2023   300      6.649032      3.972530      4.578662      1.822085      2.070210  15.411351  14.446656 37.678958 36.125833 29.747187 20.535625  78.900339    31.560135
  2023   301      7.418923      3.774591      3.459309      1.703430      3.959612  40.773266  38.600963 37.620625 36.147500 29.705521 20.502083  78.819401    31.527760
  2023   302      7.147160      3.111241      3.951228      1.404222      3.195934  39.395617  37.172926 38.309896 36.848542 30.836875 21.343125  80.955911    32.382365
  2023   303      6.679487      3.480685      4.543189      1.784925      2.136297  30.256571  28.097828 38.511354 36.901354 30.705833 21.143125  80.935130    32.374052
  2023   304      5.561942      4.680864      2.967023      1.674214      2.594918  10.784485  10.059213 38.603646 36.914792 30.741354 21.205521  81.068906    32.427563
  2023   305      6.272285      5.372698      3.029257      2.143316      3.243027  39.131070  36.338838 39.221354 37.462396 31.363437 21.564063  82.451823    32.980729
  2023   306      5.609560      3.885730      2.163043      1.436901      3.446516  71.806331  66.244165 50.995729 38.962917 33.391562 23.053958  94.298906    37.719563
  2023   307      4.840908      2.446743      3.659724      1.870530      1.181185  28.616718  26.410397 52.832812 39.606875 33.878854 23.284063  96.479219    38.591687
  2023   308      3.988623      1.063937      1.802153      0.633416      2.186469  23.126378  21.757499 50.621354 39.684583 33.887292 23.385521  94.916536    37.966615
  2023   309      3.889865      0.988184      2.749303      1.263558      1.140562  29.234371  28.113328 52.252708 39.930312 34.096875 23.491667  96.473177    38.589271
  2023   310      3.623266      2.052286      2.166683      1.745057      1.459064  20.208553  19.393491 46.983854 39.525937 33.373958 23.087187  91.574922    36.629969
  2023   311      3.344612      2.498947      1.773843      1.598331      1.571625  14.643997  14.176584 45.896250 39.283750 32.885729 22.850729  90.153724    36.061490
  2023   312      3.357179      2.450281      0.596008      0.624947      2.766231  28.920810  28.069668 47.541042 39.588021 33.560104 23.088437  92.164089    36.865635
  2023   313      3.181729      2.429458      1.543639      1.412663      1.638455  17.836941  17.555250 48.602083 39.873750 34.035833 23.292292  93.561458    37.424583
  2023   314      2.837888      2.387188      0.875771      1.364213      1.962117  11.326094  11.309098 47.729896 39.726562 34.090417 23.179479  92.818255    37.127302
  2023   315      2.637417      2.606738      1.073860      1.802947      1.564089  10.640703  10.679181 46.503437 39.528854 34.642187 22.986667  92.116979    36.846792
  2023   316      2.763110      3.348604      1.208014      1.608659      1.580724  11.793641  11.838991 46.582708 39.503021 35.077396 22.979167  92.486172    36.994469
  2023   317      3.906096      4.818082      1.257291      1.751314      2.648805  64.879422  65.122768 54.874896 40.369583 36.130938 23.778646 100.328490    40.131396
  2023   318      3.595298      4.369254      1.146435      1.468483      2.451133   5.266569   5.338760 57.356771 40.525729 36.187812 23.768646 102.305625    40.922250
  2023   319      3.200427      3.739276      1.432609      1.717714      1.768912  21.255420  21.660935 56.212083 40.195625 35.780938 23.453646 100.819401    40.327760
  2023   320      2.833702      3.089928      0.721282      0.875431      2.114314   4.615359   4.757246 48.612917 40.074688 35.632708 23.355729  94.899427    37.959771
  2023   321      2.753164      2.729462      1.394031      1.482765      1.360600   9.124314   9.435388 47.822917 39.963854 35.422292 23.237083  94.034375    37.613750
  2023   322      3.598260      3.327265      0.717120      0.641087      2.883106  24.319801  24.854361 53.680833 51.320625 38.281667 25.570625 107.417500    42.967000
  2023   323      3.587832      3.158615      1.121931      0.869785      2.465902  28.518777  29.367146 55.722292 52.170625 39.365313 25.878958 110.340495    44.136198
  2023   324      3.150909      2.830446      0.839121      1.231584      2.312435  14.826040  15.184544 55.168750 47.677917 39.053542 25.273438 107.142396    42.856958
  2023   325      3.005189      2.353878      1.139044      0.811318      1.875402  40.982305  42.110040 55.352917 47.135729 38.860312 25.719479 107.087526    42.835010
  2023   326      2.664867      1.239700      1.085013      0.346003      1.579747  11.806018  12.163774 54.984896 46.518958 38.645833 26.307917 106.636484    42.654594
  2023   327      3.358818      1.200497      1.527280      0.564385      1.831539  32.113984  32.785304 54.580521 46.370104 38.546563 26.316562 106.188646    42.475458
  2023   328      2.379515      0.978672      0.801971      0.390710      1.577543  33.135688  34.233316 54.445208 45.824167 38.441771 26.161875 105.658255    42.263302
  2023   329      1.955468      1.253343      0.682774      0.642964      1.276640  10.262179  10.525618 54.310208 45.492292 38.387500 25.990000 105.264427    42.105771
  2023   330      1.889531      2.024220      0.510263      0.625038      1.380735   7.692039   7.729896 53.885417 45.211250 38.451354 25.952083 104.834245    41.933698
  2023   331      2.435812      2.997643      0.106914      0.584425      2.335672  27.230174  27.267514 55.088333 54.239583 42.436042 29.192917 114.859531    45.943812
  2023   332      2.161575      2.700876      0.760966      1.080032      1.403684   8.180330   8.038758 55.237083 57.456875 44.075104 30.554271 118.489714    47.395885
  2023   333      1.627696      1.954325      0.468998      0.918915      1.164678   3.240865   3.190837 55.132500 56.207604 43.367813 29.702812 116.830443    46.732177
  2023   334      1.650683      1.949696      0.308870      1.063682      1.347935  18.225352  17.823230 54.933021 50.218333 42.801042 28.916563 112.867995    45.147198
  2023   335      1.759584      1.820446      0.863085      0.971263      0.895784   4.424749   4.358415 54.485104 49.140313 42.442500 28.467917 111.499818    44.599927
  2023   336      1.474242      1.118336      0.009572      0.282540      1.493519  24.571856  24.430348 54.145104 48.591250 42.257396 28.155729 110.675365    44.270146
  2023   337      2.229460      1.622151     -0.222708      0.143893      2.457371  15.232142  15.648501 54.908854 53.210312 46.280208 30.020729 117.507318    47.002927
  2023   338      2.515523      2.392863     -0.114237      0.294389      2.629760  17.338400  17.827750 55.107083 57.053229 58.461458 50.443646 138.924844    55.569938
  2023   339      2.366835      2.878808      0.860651      0.786905      1.506511   8.434731   8.506243 55.011042 57.347708 54.873021 42.497500 132.335651    52.934260
  2023   340      1.621923      2.286851      1.074124      1.400730      0.548344   6.432136   6.611117 55.107188 57.464271 50.798854 39.207604 127.765469    51.106188
  2023   341      2.222392      3.989984      0.230951      0.781019      1.991441  16.281607  16.742525 54.984479 57.236250 51.706875 45.799479 131.536380    52.614552
  2023   342      2.529579      5.131032      0.845043      1.718829      1.684536  22.376329  23.153369 54.846146 57.511667 56.016354 54.618229 139.211823    55.684729
  2023   343      2.778103      4.868365      0.221794      0.842595      2.556309  51.539379  50.995804 54.270833 57.527083 55.688125 57.369792 139.917656    55.967062
  2023   344      2.698976      2.677668      0.119131      0.368254      2.579845  24.542649  24.090325 54.143333 57.539167 56.246563 56.595417 139.859714    55.943885
  2023   345      2.681326      1.701871      0.600789      0.217824      2.080536  22.564845  22.163005 54.119896 57.574583 56.486562 52.297812 137.891042    55.156417
  2023   346      2.565816      1.730633      0.166148      0.277503      2.399669  20.786928  20.994922 54.054062 57.543958 57.027708 60.481979 142.324297    56.929719
  2023   347      2.287040      1.618116      0.520666      0.149088      1.766375  40.815523  41.657472 53.871563 57.542500 57.663958 58.999375 141.922578    56.769031
  2023   348      1.893040      1.358959      0.376512      0.221717      1.516528   6.632429   6.603154 54.102396 57.658750 57.610833 52.516250 138.872422    55.548969
  2023   349      2.139865      1.683055      0.520904      0.270439      1.618960   8.575359   8.722319 54.434104 57.719833 56.089625 49.963521 136.734474    54.693790
  2023   350      2.384245      2.218680      0.674517      0.341988      1.709728  10.655659  10.596832 54.499792 57.751812 56.087333 49.391000 136.511750    54.604700
  2023   351      2.259926      2.354466      0.560392      0.512970      1.699533  18.644134  18.586605 54.410667 57.684021 56.085729 49.080583 136.254599    54.501840
  2023   352      2.290054      2.519277     -0.114190      0.252326      2.404244  19.870599  20.298855 54.182083 57.675521 56.224979 48.912229 136.099172    54.439669
  2023   353      2.148300      2.425160      0.044986      0.119982      2.103314  37.543078  38.493207 54.010938 57.680937 58.027604 68.136354 146.937552    58.775021
  2023   354      2.108368      2.416900      0.149500      0.216102      1.958869  17.792573  18.632776 53.654771 57.707792 58.206938 62.105813 143.803083    57.521233
  2023   355      2.469435      2.763032      0.114469      0.225953      2.354966  40.930491  41.184119 52.400833 57.617833 57.873271 57.724250 140.376620    56.150648
  2023   356      2.414129      2.685677      0.085647      0.241884      2.328482  37.995810  37.688052 52.305729 57.608542 57.857917 55.623229 139.238620    55.695448
  2023   357      2.480043      2.689007      0.274195      0.497897      2.205848  26.828220  26.695937 52.217188 57.615104 57.711042 55.203437 138.855443    55.542177
  2023   358      2.822540      2.972582      0.382345      0.393277      2.440194  25.212687  25.644808 51.798354 57.633104 57.571708 55.146729 138.417464    55.366985
  2023   359      2.604418      2.420158      0.654933      0.400128      1.949485  29.917578  31.763885 51.810688 57.612313 57.580146 55.270396 138.484479    55.393792
  2023   360      2.021459      1.472265      0.390086      0.440259      1.631374  13.363136  14.112281 51.806458 57.698333 57.802604 56.532604 139.322266    55.728906
  2023   361      2.436683      1.465988     -0.090559      0.081056      2.527242  37.068073  40.195314 51.926979 57.825938 57.943646 66.155729 144.393802    57.757521
  2023   362      2.658968      1.395964      0.468669      0.389167      2.190300  44.855315  49.048185 51.790938 57.807500 57.855417 62.609063 142.443047    56.977219
  2023   363      2.198067      0.918862      0.866109      0.310596      1.331957  17.091816  18.535685 51.761771 57.812604 57.835104 57.414167 139.811042    55.924417
  2023   364      2.086101      0.641262      0.404949      0.156205      1.681856  18.458332  19.955741 51.798750 57.910562 57.923833 56.844542 139.669490    55.867796
  2023   365      1.912400      0.496298      0.237773      0.289851      1.673861  28.856954  30.771546 51.667542 57.866813 57.908729 67.653375 144.942297    57.976919
  2024     1      1.486686      1.572404     -0.006746      0.446983      1.493431  29.384775  31.946884 51.718750 57.963604 57.989229 63.539750 143.032661    57.213065
  2024     2      1.609030      2.285159     -0.733380      0.158267      2.342409  33.035647  36.125134 51.643021 57.949271 57.923854 69.255208 145.777396    58.310958
  2024     3      1.530419      1.857090     -0.147218      0.255585      1.673797  18.863489  20.821090 51.692917 57.949062 57.931708 69.168042 145.777021    58.310808
  2024     4      1.464959      1.663029      0.012329      0.477763      1.437549  21.306279  23.603021 51.699896 58.109583 57.945938 69.208125 145.893229    58.357292
  2024     5      1.362521      1.367716      0.350497      0.292212      1.002148  41.788246  46.880081 51.865375 58.204042 58.030750 69.239833 146.144031    58.457613
  2024     6      1.221943      0.911788      0.845561      0.636405      0.372782  18.717696  20.822936 52.174354 58.361083 58.182375 69.361438 146.628807    58.651523
  2024     7      1.090854      0.692027      0.729577      0.431016      0.357714  18.281000  20.211597 52.520229 58.628833 58.414771 69.665125 147.348229    58.939292
  2024     8      0.968450      0.659496      0.695306      0.250353      0.272263  19.640829  21.854792 52.856354 58.695917 58.585250 69.836958 147.847641    59.139056
  2024     9      0.876902      0.603551      0.610528      0.630596      0.266374  16.363434  18.259565 53.041875 58.864375 58.682167 70.050000 148.250219    59.300087
  2024    10      0.875930      0.578410      0.258291      0.627164      0.617639   5.745254   6.400337 53.149479 58.874792 58.728021 70.198333 148.444688    59.377875
  2024    11      0.891162      0.582731      0.088542      0.288668      0.803615   5.514883   6.079848 53.283750 58.914479 58.851771 70.272188 148.694974    59.477990
  2024    12      0.864249      0.552758      0.804352      0.372758      0.059897   8.658688   9.643793 53.188958 58.893958 58.852604 70.199375 148.577839    59.431135
  2024    13      0.740029      0.463451      0.346213      0.493960      0.394456   6.761107   7.638325 52.975729 58.872396 58.914479 70.209271 148.458490    59.383396
  2024    14      0.665539      0.575355      0.167615      0.428968      0.497924   9.621962  10.846585 52.612188 58.871771 58.826250 70.221250 148.125339    59.250135
  2024    15      0.526638      0.355637      0.906016      0.611655     -0.319424  18.014335  20.371344 52.440313 58.923750 58.948854 70.246146 148.126823    59.250729
  2024    16      0.503381      0.291560      0.761307      0.540288     -0.234495   9.271213  10.389987 52.465000 58.934375 59.086562 70.402812 148.332266    59.332906
  2024    17      0.663198      0.262505      0.643482      0.387942      0.033794   4.232675   4.749027 52.276563 58.926250 59.055104 70.494479 148.209115    59.283646
  2024    18      0.801928      0.244221      0.987569      0.499434     -0.170398   4.824720   5.429525 52.529896 59.043750 59.145625 64.442396 145.499714    58.199885
  2024    19      1.061804      0.371129      1.315054      0.561318     -0.252702   4.499761   5.077516 52.909792 59.203542 59.296146 61.896667 144.704557    57.881823
  2024    20      1.452615      0.682395      0.924669      0.368833      0.529718   8.817852  10.081853 53.062708 59.217813 59.778750 65.761771 147.120885    58.848354
  2024    21      1.974246      1.625488      0.340927      0.374039      1.633319  25.048148  29.591758 52.770729 59.238333 59.852292 69.492500 148.832682    59.533073
  2024    22      2.069177      1.690739      0.298861      0.546610      1.770317  47.697617  55.805604 52.380729 59.106771 59.681667 69.083958 148.142161    59.256865
  2024    23      2.108047      2.060609      0.118671      0.354797      1.989375  20.259084  23.137287 52.532708 59.207812 59.835000 68.841875 148.300625    59.320250
  2024    24      2.172132      2.723072      0.462688      0.785901      1.709443  31.817086  35.707747 52.535313 59.190833 59.721771 68.555729 148.066094    59.226438
  2024    25      1.994121      2.747156      0.511464      0.661538      1.482657  24.220692  27.185779 52.535729 59.314062 59.833333 68.931250 148.399453    59.359781
  2024    26      1.856978      2.564422      0.405195      0.989425      1.451782  46.010629  51.529122 52.493229 59.278958 59.723958 69.033854 148.319297    59.327719
  2024    27      1.544706      1.504093      0.855261      0.817855      0.689445  11.199362  12.586885 52.546042 59.368437 59.923854 68.422187 148.247734    59.299094
  2024    28      1.536829      1.117052      0.806096      0.671977      0.730732  14.496328  16.290937 52.430417 59.394167 59.923437 68.380000 148.152474    59.260990
  2024    29      1.749966      1.175446      0.418032      0.446783      1.331934  16.397416  18.117749 52.315833 59.384375 59.824688 67.828125 147.711641    59.084656
  2024    30      1.673254      1.139114      0.331094      0.256831      1.342160  14.701886  16.214559 52.136146 59.364583 59.714687 64.310208 145.725521    58.290208
  2024    31      1.675883      1.132762      0.521998      0.405862      1.153885  23.236172  25.269042 52.195938 59.477292 59.870104 61.413438 144.494896    57.797958
  2024    32      1.666965      0.934444      0.991551      0.703227      0.675414  11.505511  12.317110 52.198542 59.511667 59.942396 60.713125 144.218099    57.687240
  2024    33      1.965886      1.492631      0.833243      0.680187      1.132643   9.517155  10.053590 52.149063 59.531562 60.036250 60.493333 144.151432    57.660573
  2024    34      2.239938      2.056927      0.921647      0.685964      1.318290  15.852854  16.504848 52.047083 59.483229 60.001979 60.448438 144.002630    57.601052
  2024    35      2.336781      2.260111      0.673818      0.725260      1.662964  26.598281  27.490215 51.810833 59.438333 60.307708 62.193333 144.904740    57.961896
  2024    36      2.278565      2.273126      0.279673      0.549901      1.998892  31.524977  33.206003 51.470000 59.447917 60.275313 60.227708 143.646797    57.458719
  2024    37      2.311823      2.251442      0.182678      0.413573      2.116517  35.426719  37.444693 51.272917 59.300625 59.768125 61.247604 143.554896    57.421958
  2024    38      1.902997      1.156000      0.935019      0.202376      0.964339  11.488412  12.051042 51.383958 59.265625 61.565625 68.273333 148.481667    59.392667
  2024    39      1.925367      0.925028      0.937670      0.020295      0.967140  31.308937  32.711330 51.070333 59.339146 61.708208 68.431479 148.469219    59.387687
  2024    40      2.320974      0.882175      0.235907      0.118701      2.080346  29.010854  30.193731 49.975833 59.261146 61.689687 68.635312 147.697370    59.078948
  2024    41      2.153944      0.703442      1.030352      0.362351      1.089314  27.369879  28.492379 49.869687 59.221667 61.630937 68.480000 147.476302    58.990521
  2024    42      1.908457      0.778647      0.709826      0.445232      1.007197  29.368969  29.877022 49.908750 59.289687 61.737083 68.609167 147.683802    59.073521
  2024    43      1.683809      0.984885      0.918166      0.824080      0.762471  24.258185  24.523318 50.293021 59.391562 61.955312 68.852708 148.308385    59.323354
  2024    44      1.710377      1.484420      0.529720      0.614473      1.148851  32.262405  32.684460 50.562083 59.513438 62.112917 69.033750 148.779844    59.511937
  2024    45      1.887414      2.093865      0.655045      0.856844      1.232370  26.225293  26.514439 50.610625 59.507500 62.045729 68.935521 148.713776    59.485510
  2024    46      1.862092      2.258235      0.860647      0.987869      1.001445  34.240269  34.455110 50.405521 59.430521 61.940417 68.705729 148.327578    59.331031
  2024    47      1.691856      1.895930      0.697321      0.982970      0.992895  31.908249  32.011077 50.415417 59.434896 61.888333 68.675417 148.282969    59.313187
  2024    48      1.589234      1.475049      0.464997      0.616205      1.096359  19.533463  19.371354 50.566354 59.522917 62.015313 68.839271 148.617344    59.446937
  2024    49      1.612031      1.384067      0.564822      0.558628      1.047210  27.346268  26.845515 50.733750 59.542917 62.057500 68.930833 148.830313    59.532125
  2024    50      1.522513      1.261344      0.820720      0.803393      0.701793  27.762750  27.012590 50.797917 59.556250 62.185833 69.196146 149.114010    59.645604
  2024    51      1.490447      1.374811      0.989910      0.808924      0.500537  20.216788  18.808121 50.926979 59.591250 62.275833 69.517187 149.456328    59.782531
  2024    52      1.537694      1.863807      0.068049      0.566264      1.469646  21.835415  20.203735 50.459375 59.553958 62.193125 69.508021 149.020365    59.608146
  2024    53      1.391339      1.613656      0.451415      0.762011      0.939924  35.194002  32.848696 49.872292 59.521042 61.914479 69.577292 148.389245    59.355698
  2024    54      1.281201      1.174140      1.413189      1.254136     -0.131987  31.617891  29.731709 50.086563 59.583229 62.000000 69.815833 148.764453    59.505781
  2024    55      1.189688      0.822467      1.676574      1.320733     -0.486886  20.558063  19.226850 50.421771 59.651771 62.099687 69.972500 149.203229    59.681292
  2024    56      1.144074      0.593885      0.910748      1.267752      0.233324  21.363115  19.757687 50.702708 59.743958 62.220417 70.147708 149.638177    59.855271
  2024    57      1.098744      0.601244      1.890016      1.390551     -0.791272  37.010495  34.392027 51.011667 59.865104 62.318125 70.134687 149.997240    59.998896
  2024    58      0.939953      0.635959      1.256366      1.338907     -0.316413  19.933772  18.432724 51.320625 59.947708 62.368021 70.249896 150.365286    60.146115
  2024    59      0.892402      0.890053      0.630939      1.008156      0.261463  21.567896  20.151298 51.281875 59.954688 61.145729 69.338854 148.967474    59.586990
  2024    60      0.863460      1.020125      0.317950      0.636107      0.545510  19.455427  18.566039 50.852604 59.793958 59.748229 68.254479 146.974844    58.789938
  2024    61      0.717684      0.640338      0.740616      0.852308     -0.022932  33.758296  32.070436 50.421563 59.797917 59.766146 68.402500 146.740990    58.696396
  2024    62      0.662355      0.468055      1.458651      1.040628     -0.795209  22.028277  20.463745 50.489375 59.889167 59.800521 68.502917 146.913464    58.765385
  2024    63      0.571613      0.306326      1.178930      0.829205     -0.607317   9.957698   9.532192 50.819687 59.956667 59.911458 68.578542 147.315964    58.926385
  2024    64      0.546612      0.356617      1.287064      1.185228     -0.740451  29.521315  28.654976 51.029896 60.066875 59.997604 68.620833 147.614479    59.045792
  2024    65      0.516950      0.358614      0.995321      0.612756     -0.478371  18.777350  18.111465 51.074167 60.068854 59.910000 68.362187 147.453646    58.981458
  2024    66      0.470686      0.336098      1.312111      1.053012     -0.823916  19.451369  18.423954 51.170000 60.137604 59.838437 68.181562 147.415911    58.966365
  2024    67      0.413588      0.272590      0.864969      0.581648     -0.451381  20.764966  19.373902 51.153542 60.151146 59.867083 68.185208 147.433646    58.973458
  2024    68      0.381797      0.232065      1.668011      1.375071     -1.286214  38.734198  36.395524 50.859896 60.145729 59.841563 68.207500 147.202708    58.881083
  2024    69      0.501508      0.661100      1.643884      1.670927     -1.142755  44.611728  41.693460 50.490104 60.074271 59.750208 68.125625 146.780182    58.712073
  2024    70      0.602859      1.235404      0.774942      1.107574     -0.179498  43.649859  40.766935 50.250312 60.024792 59.710938 68.057917 146.512292    58.604917
  2024    71      0.705650      1.458832      1.548064      1.302388     -0.845037  11.379122  10.713460 50.488542 60.118125 59.770729 68.085833 146.796432    58.718573
  2024    72      0.904965      1.776111      1.154438      1.639642     -0.254108  19.112438  18.033047 50.687604 60.193229 59.856250 68.118646 147.063828    58.825531
  2024    73      1.180117      2.207662      0.545551      1.929433      0.634567  41.391274  39.157493 50.571042 60.163021 59.716875 67.927708 146.761302    58.704521
  2024    74      1.378222      2.092812      1.391505      2.024699     -0.013283  49.124676  46.528633 50.272604 60.051979 59.716979 67.843542 146.439948    58.575979
  2024    75      1.533050      1.981379      2.381773      2.266633     -0.849470  58.868850  56.340440 49.976667 60.044479 59.620104 67.756042 146.097839    58.439135
  2024    76      1.507808      1.320999      2.112771      2.375496     -0.619392  46.220293  44.919788 50.310104 60.101979 59.739583 67.791875 146.484193    58.593677
  2024    77      1.722611      1.508547      0.872786      1.381570      0.850246  44.747120  42.450715 50.262292 60.147292 59.694583 67.798438 146.440521    58.576208
  2024    78      1.779890      1.188842      2.305457      2.170526     -0.525386  39.136780  37.982526 50.084271 60.151146 59.667812 67.805104 146.292187    58.516875
  2024    79      1.967871      1.331079      1.956711      1.639898      0.011160  39.179690  37.564896 50.072396 60.157812 59.715625 67.771667 146.305755    58.522302
  2024    80      2.074546      1.652372      1.081210      1.901258      0.993763  52.194429  49.600630 50.085521 60.198125 59.651146 67.705000 146.254063    58.501625
  2024    81      2.072790      1.926348      1.422389      1.729978      0.653504  43.869691  42.766230 50.037813 60.197604 59.643021 67.710938 146.214896    58.485958
  2024    82      2.135523      2.226692      2.076161      1.999154      0.061743  48.868344  47.472043 49.883646 60.189583 59.650313 67.756458 146.123490    58.449396
  2024    83      2.042499      1.889953      2.160736      2.116238     -0.117629  58.821029  56.798598 49.730833 60.238958 59.770625 67.943958 146.217552    58.487021
  2024    84      2.154027      1.374584      2.038155      1.985847      0.115871  39.111666  37.803141 49.826146 60.335521 59.845104 68.002917 146.422656    58.569063
  2024    85      2.240484      1.265397      3.609907      2.281680     -1.369423  49.574512  48.288053 49.864062 60.334375 59.867083 68.047813 146.489453    58.595781
  2024    86      2.475871      1.789033      3.529048      3.048680     -1.053178  53.373082  52.156125 50.007604 60.253229 59.914167 67.952187 146.544036    58.617615
  2024    87      2.421105      1.964679      2.636811      3.352278     -0.215707  47.828248  46.552253 50.942396 60.191042 59.790312 67.924688 147.107396    58.842958
  2024    88      2.524362      2.467596      2.565332      3.146269     -0.040970  54.148687  53.386204 50.991250 60.271771 59.834167 67.983542 147.246719    58.898688
  2024    89      2.649332      3.239019      2.901516      3.611126     -0.252184  57.197519  56.606789 51.254063 60.297604 59.780104 67.935729 147.392292    58.956917
  2024    90      2.648091      3.688639      3.596300      4.243474     -0.948211  48.846629  48.229878 51.408854 60.389688 59.793542 67.676771 147.435026    58.974010
  2024    91      2.658067      3.714104      2.731797      2.818876     -0.073731  31.201850  31.081768 51.464479 60.393229 59.802292 67.613438 147.453411    58.981365
  2024    92      2.858224      4.433519      2.032698      3.730086      0.825526  52.010617  51.900561 51.555625 60.431771 59.777604 67.668646 147.550130    59.020052
  2024    93      3.035445      4.209977      3.169901      3.827802     -0.134456  59.821592  59.596135 51.591042 60.471563 59.749271 67.263229 147.372630    58.949052
  2024    94      3.238225      3.678144      2.526072      2.720784      0.712153  55.788121  55.621158 51.671354 60.495625 59.730208 67.367083 147.482526    58.993010
  2024    95      3.402701      3.385483      3.237476      3.193303      0.165226  55.297721  55.134627 51.754896 60.606250 59.764271 67.498021 147.691510    59.076604
  2024    96      3.869770      4.433605      3.539333      4.193616      0.330438 101.217394 101.042158 51.642292 60.613333 59.778229 67.280625 147.512370    59.004948
  2024    97      4.230268      5.173511      4.080991      4.447156      0.149277  96.077725  95.922996 51.642500 60.611875 59.752187 66.808958 147.256432    58.902573
  2024    98      4.112142      4.154217      4.373889      5.255933     -0.261746 106.427175 105.946356 51.718542 60.604167 59.281146 65.989688 146.546693    58.618677
  2024    99      4.196304      3.822959      6.030776      5.106331     -1.834470  76.538125  75.740605 51.743958 60.677188 58.872813 65.106042 145.854193    58.341677
  2024   100      3.986131      2.770997      2.928070      2.596194      1.058061  66.629095  65.961713 51.792083 60.644583 58.838229 64.576667 145.583359    58.233344
  2024   101      4.043116      2.569139      4.252198      3.710527     -0.209081  59.936130  59.276626 52.361875 60.791250 58.701458 63.174479 145.280365    58.112146
  2024   102      4.771792      3.416726      4.939328      2.552522     -0.167537  67.807322  67.092947 52.400729 60.927917 58.429062 62.084479 144.628542    57.851417
  2024   103      4.611424      2.735998      4.447755      1.532803      0.163665  71.752906  70.626377 52.243792 59.173583 57.837354 60.828292 142.561797    57.024719
  2024   104      4.578613      2.667703      5.579283      1.920199     -1.000672  85.987125  83.813386 52.156146 57.273958 57.206458 59.614167 140.466016    56.186406
  2024   105      4.137419      2.102152      4.206400      2.429984     -0.068981  77.981128  75.497168 52.036042 55.428333 56.449688 58.626146 138.391536    55.356615
  2024   106      3.791706      1.814283      3.536769      2.504717      0.257158  79.974793  77.902493 52.206771 57.211042 56.973958 59.082604 140.032370    56.012948
  2024   107      3.674622      1.905422      4.519147      2.701087     -0.844875  63.063583  61.953672 52.515729 58.094062 57.213021 59.196042 140.941615    56.376646
  2024   108      3.556203      1.914903      3.508940      3.531065      0.050807  68.549507  67.369095 52.699792 55.429375 56.689896 58.757917 139.135911    55.654365
  2024   109      3.736330      2.841724      3.270452      3.817283      0.472766  68.697186  66.998799 53.132812 56.592604 56.924271 58.939062 140.308646    56.123458
  2024   110      3.958089      4.353523      5.088663      4.876390     -1.130123  89.372717  87.929267 53.232083 59.240521 58.405104 59.969896 143.333099    57.333240
  2024   111      3.640667      3.722097      4.986252      5.221940     -1.343334  69.756454  68.941738 53.310000 58.481146 57.738646 59.273646 142.163880    56.865552
  2024   112      3.354379      2.383868      6.494114      5.318515     -3.134216  52.105285  51.509171 53.340313 54.950521 56.685208 58.449375 139.219089    55.687635
  2024   113      2.774381      1.887618      1.568487      3.113350      1.205491  34.303681  34.074409 53.298437 53.639688 56.335417 57.873438 137.981953    55.192781
  2024   114      2.381733      2.639135      4.492679      4.243856     -2.110138  54.744966  54.584607 53.692292 54.339687 56.488438 57.972500 138.791641    55.516656
  2024   115      1.900481      3.037619      2.808269      4.597766     -0.902949  51.569200  51.793944 53.596875 54.116875 56.414271 57.902604 138.518099    55.407240
  2024   116      1.957380      3.391728      1.589559      3.857221      0.371582  32.586160  32.716640 53.444271 53.578646 56.110729 57.662500 137.786823    55.114729
  2024   117      2.164686      3.583898      2.677106      5.492509     -0.506227  49.699837  50.012543 53.455417 52.997813 55.581354 57.359063 136.956016    54.782406
  2024   118      2.541521      3.877773      2.895046      3.351402     -0.345247  43.761206  44.154477 53.376250 52.563229 55.023438 56.979062 136.070911    54.428365
  2024   119      2.859791      4.517092      2.117857      3.249064      0.741933  49.121023  49.441608 54.166875 59.488021 60.787292 64.929479 148.424375    59.369750
  2024   120      3.307268      6.102986      5.678934      7.778971     -2.371667  84.708721  85.671514 54.428125 60.105312 60.326458 63.322396 147.779792    59.111917
  2024   121      3.795831      6.290046      6.212282      6.945552     -2.416448  86.372493  87.093638 54.324479 58.730938 57.496667 59.199271 142.830964    57.132385
  2024   122      4.345566      4.896832      4.491414      3.579323     -0.145849  68.942705  69.458239 53.929062 54.449583 55.413646 57.349479 137.906563    55.162625
  2024   123      5.163093      4.052446      6.262623      2.363145     -1.099529  80.643256  81.290207 53.409792 52.258438 54.004479 56.205104 134.792474    53.916990
  2024   124      5.105276      4.139468      2.036946      0.377499      3.068329  29.380896  29.507313 53.447917 54.317396 54.780729 56.624375 136.642370    54.656948
  2024   125      5.690315      4.668558      8.301408      2.512331     -2.611089  84.628818  84.988265 53.952708 57.633125 56.053646 57.832917 140.237786    56.095115
  2024   126      6.324008      4.876221      9.055959      2.650713     -2.748194  94.716671  95.455567 53.488438 53.172708 54.034479 56.158333 135.307708    54.123083
  2024   127      6.839764      4.783120      8.151216      3.063178     -1.324177  74.045439  74.695113 53.123021 50.759375 52.554062 54.695521 131.985260    52.794104
  2024   128      6.985611      3.752329      8.171755      5.690962     -1.186893  62.042858  62.455678 51.596250 49.637188 51.282187 53.210729 128.582786    51.433115
  2024   129      7.631889      4.619393      9.009772      7.600878     -1.375818  87.833844  89.156068 48.370729 48.319479 49.916458 51.564062 123.657161    49.462865
  2024   130      8.572760      7.238013      8.437679      8.160771      0.134690 100.147958 102.136043 47.175208 46.995729 48.498438 49.938125 120.222161    48.088865
  2024   131      8.990964      8.661921      9.132259      9.446622     -0.137429 103.207821 105.297712 45.900937 45.824062 46.475417 48.069271 116.228932    46.491573
  2024   132      9.108726      9.204078      9.208004      9.990708     -0.056368  91.635824  93.162150 45.146771 44.698854 45.378229 46.238646 113.362500    45.345000
  2024   133     10.065609     12.169631      9.404117     11.174061      0.669387 106.130913 108.520717 44.490729 43.780208 44.101146 44.615938 110.641979    44.256792
  2024   134      9.791215     11.669613      8.813817     10.299925      0.986207  88.287588  90.438344 43.851042 42.983333 43.091458 43.050729 108.223906    43.289562
  2024   135      9.641797     10.996962      5.004212      6.645486      4.655049  46.251702  47.523171 43.542292 42.692292 42.760104 42.307813 107.226849    42.890740
  2024   136      9.629998     10.149485      8.541760      9.441344      1.108234  74.138083  75.759632 43.827083 42.955625 42.942917 42.453229 107.781927    43.112771
  2024   137      9.086629      9.035814      7.053727      5.788970      2.038347  33.594703  34.334104 45.720937 44.118542 43.829062 43.782500 111.113021    44.445208
  2024   138      9.355806     10.115498     10.108868     10.668929     -0.553921  72.433616  74.159367 47.241250 45.141562 44.519688 44.513125 113.648047    45.459219
  2024   139      8.827890      9.204133      9.577521      9.917883     -0.749613  65.410801  68.474553 45.951458 44.229688 44.120208 43.475937 111.406562    44.562625
  2024   140      8.818355      9.130748     11.289131     12.478913     -2.470777  96.582527 101.221731 44.723333 43.476979 43.458125 42.522188 109.135677    43.654271
  2024   141      8.237662      7.999926     10.845331     12.108750     -2.607673  95.110083 100.186148 43.795521 42.754479 42.866875 41.754062 107.251068    42.900427
  2024   142      8.307067      8.168563      6.477678      6.945761      1.871546  46.237782  48.998297 43.807396 42.709062 42.899375 41.749375 107.259297    42.903719
  2024   143      8.109189      8.242565      7.402382      7.947944      0.714178  63.797410  67.669026 58.436042 56.819479 55.724063 55.305833 141.682734    56.673094
  2024   144      7.828764      8.601450      9.867055      9.748145     -2.035916  76.717821  81.555298 59.870000 56.594583 54.745313 54.999167 141.758359    56.703344
  2024   145      7.840353      9.679982     10.896350     12.617427     -3.055996  76.149231  80.706091 59.477187 50.675208 51.202396 52.037708 134.366146    53.746458
  2024   146      7.595917     10.553022      8.931794     11.270006     -1.318654  45.588840  48.331951 59.411875 49.173646 49.483438 49.991875 131.254245    52.501698
  2024   147      8.107814     13.167445     10.493059     14.543970     -2.381237  92.137608  98.234254 59.576563 49.340417 49.281771 49.658854 131.143385    52.457354
  2024   148      7.886769     12.854345     13.263865     17.750390     -5.377094 108.437848 115.627132 54.642396 47.859063 48.053646 48.155313 125.029219    50.011688
  2024   149      7.980244     13.949481      8.763644     13.166527     -0.775789  57.290903  61.152907 49.039688 46.839687 46.896875 46.998750 118.871641    47.548656
  2024   150      8.167074     15.365153     10.200975     16.363585     -2.031078 102.006194 108.461430 49.667396 46.914271 47.006458 46.953021 119.439036    47.775615
  2024   151      7.693822     11.092189      6.904479      9.098912      0.789860  60.641052  64.127810 48.243437 46.027187 46.046250 45.741458 116.601589    46.640635
  2024   152      7.427031      7.535982      6.013038      2.497981      1.420131  56.141671  59.325061 54.009062 47.506667 47.007708 46.946562 122.989193    49.195677
  2024   153      7.298113      6.311644     12.501322      1.642133     -5.203210  63.702370  67.579583 52.931563 46.743229 46.326458 46.314479 120.972370    48.388948
  2024   154      7.580016      7.602154     14.026829      3.376209     -6.446808 108.749821 116.836874 47.065000 45.266875 45.133854 44.646979 114.106068    45.642427
  2024   155      7.416245      7.158224      9.625621      3.298232     -2.209378  58.772759  63.214972 45.258958 44.048021 43.979896 43.338021 110.622161    44.248865
  2024   156      7.347064      6.059605      9.231488      6.042036     -1.884424  74.518519  80.240024 45.003021 43.514479 43.522604 42.725937 109.514427    43.805771
  2024   157      6.857004      4.618367     11.559569     11.498021     -4.702561 102.695532 110.532822 44.599167 43.171250 43.212917 42.563437 108.726406    43.490563
  2024   158      7.189512      4.874705     11.150656      9.811053     -3.961146  90.882274  98.104992 43.926771 42.638750 42.732500 42.051562 107.339609    42.935844
  2024   159      7.399594      5.258554     12.807657     11.146146     -5.408060 116.342920 125.864438 43.284792 42.157187 42.280833 41.464479 105.985052    42.394021
  2024   160      7.167629      4.836217      8.404792      8.932860     -1.237165  92.111282  99.610844 42.833542 41.748750 42.040937 40.865000 104.962734    41.985094
  2024   161      6.977218      5.099346      8.759727      8.643557     -1.782505  83.970320  90.841956 42.486979 41.421042 41.722500 40.388229 104.061745    41.624698
  2024   162      6.779871      5.597032      8.280521      9.278543     -1.500645  91.885155 100.003412 42.628646 41.577292 41.735937 40.766562 104.445365    41.778146
  2024   163      6.726089      6.139588     11.159701     11.183235     -4.433613  81.386229  88.549426 42.555000 41.465000 41.510313 40.549375 104.056172    41.622469
  2024   164      6.916067      6.678654      9.315561      8.998805     -2.400081  64.149970  69.946324 42.366563 41.258750 41.205208 40.111250 103.363828    41.345531
  2024   165      6.977221      7.133215     10.343156      8.687571     -3.360457  95.830251 105.244567 42.224375 41.091875 41.021771 39.761250 102.861172    41.144469
  2024   166      7.328388      8.018723      7.791982      3.803661     -0.451286  89.117199  98.103762 42.085312 41.025104 40.894896 39.628750 102.562083    41.024833
  2024   167      7.499881      7.989239     10.335325      2.138222     -2.829428  99.756678 109.790565 42.160937 41.074792 40.976562 39.751354 102.766198    41.106479
  2024   168      8.085410      8.439714     10.645880      2.473233     -2.551346 111.135386 122.246667 42.095208 40.974271 40.848229 39.557292 102.473359    40.989344
  2024   169      8.402602      8.204006     11.257796      4.477213     -2.862396  94.474019 103.246344 41.920208 40.697604 40.580417 39.162500 101.805521    40.722208
  2024   170      8.798042      7.801868     13.370234     10.553761     -4.543169 118.320276 128.776120 41.733854 40.402813 40.317500 38.833958 101.156901    40.462760
  2024   171      9.048175      7.508552     12.778231     12.677711     -3.729155 108.746390 117.812835 41.438229 40.041667 39.928333 38.440417 100.265964    40.106385
  2024   172      9.421091      8.260807     14.289197     13.677393     -4.865070 126.120156 136.288866 41.233021 39.806042 39.668229 38.083958  99.620938    39.848375
  2024   173     10.376144      9.518172     13.790088     13.779463     -3.389436 137.800630 148.464837 41.041667 39.536458 39.425000 37.740833  98.988646    39.595458
  2024   174     10.750658      9.103477     12.243720     11.517330     -1.444970  96.294234 103.674232 40.888542 39.219687 39.108333 37.368750  98.291875    39.316750
  2024   175     11.333939      9.785496     14.302875     13.932502     -2.941299 123.463150 132.488684 40.573646 38.884062 38.815729 37.028958  97.498542    38.999417
  2024   176     12.283984     11.604564     13.402323     12.634019     -1.069858 111.418902 118.942738 40.331979 38.560417 38.500625 36.568542  96.688932    38.675573
  2024   177     12.787470     12.692562     15.320954     15.075556     -2.489956 158.691000 168.762838 40.003021 38.028021 38.018646 35.888438  95.474479    38.189792
  2024   178     13.155465     13.329932     15.946426     16.037326     -2.773757 140.932756 149.822546 39.642187 37.328646 37.405104 35.081146  93.990365    37.596146
  2024   179     13.312794     13.630581     14.127282     14.797734     -0.789984 139.097111 147.938996 39.224167 36.686875 36.770417 34.344792  92.511771    37.004708
  2024   180     12.224205     11.658107     12.747576     13.438407     -0.520374  98.333474 104.264514 38.791146 36.127500 36.233229 33.662188  91.163125    36.465250
  2024   181     12.042899     12.756037     15.275624     16.174604     -3.232726 136.556994 145.342493 38.381563 35.637708 35.713542 32.967083  89.873724    35.949490
  2024   182     11.202816     10.799583      9.398467      9.564240      1.804347  73.876718  78.883803 38.013542 35.112917 35.253333 32.327813  88.670521    35.468208
  2024   183     10.793064     10.827520      9.699297      8.927839      1.093765  81.185906  86.804096 37.718542 34.745938 34.958333 31.933438  87.847344    35.138938
  2024   184     10.053644      9.593358      7.615726      5.812223      2.437915  54.146769  57.561588 37.586250 34.631354 34.939271 31.954583  87.687109    35.074844
  2024   185      9.647691      9.620341      8.111446      5.454086      1.536245  70.200055  74.738442 37.797604 35.050312 35.371875 32.674583  88.739557    35.495823
  2024   186      9.316433      9.916465     12.218294      7.060829     -2.901860 144.562692 154.103404 37.705104 34.819375 35.049167 32.208229  88.079505    35.231802
  2024   187      8.955925     10.290277      9.699862      3.908883     -0.743940  88.436349  94.995289 37.353958 34.531667 34.733854 32.275625  87.469505    34.987802
  2024   188      7.977588      7.493862      7.706633      1.814935      0.270958  65.372268  70.398710 39.514896 38.413958 38.730521 38.415833  97.098958    38.839583
  2024   189      7.573817      7.939412     11.318163      2.559524     -3.744347  94.440013 101.499727 39.043542 37.344375 37.646563 36.010312  94.194922    37.677969
  2024   190      7.478817      9.773878     10.599332      2.559050     -3.120514 105.406049 112.909433 38.783333 36.744062 37.039896 35.153854  92.816380    37.126552
  2024   191      8.494955     11.515742      6.115706      1.152050      2.379248  57.858268  62.110073 39.011667 37.197708 37.691562 36.607396  94.429974    37.771990
  2024   192      9.414097     11.324589     10.328298      1.959950     -0.914200 104.591127 112.468309 39.095625 37.143646 37.579896 35.919479  94.038203    37.615281
  2024   193      9.283010      9.070246      7.088919      2.448361      2.194092  46.044199  49.607395 38.915937 36.842500 37.171458 35.222292  93.097943    37.239177
  2024   194      9.272592      8.388044      9.379572      7.692206     -0.106982  71.924534  77.607936 38.786458 36.709896 37.014063 35.049167  92.729922    37.091969
  2024   195      9.593344      8.654898      9.895848      9.812535     -0.302502  66.373437  71.533810 38.978646 37.002500 37.526042 35.936979  93.848255    37.539302
  2024   196     10.059484      9.444771     13.045843     12.936082     -2.986358  86.579948  93.483865 38.958646 36.794479 37.126146 35.154063  93.037865    37.215146
  2024   197     10.577363     10.281625     10.764649     11.264040     -0.235861  72.766199  79.445809 38.813021 36.620833 36.898958 35.095208  92.642005    37.056802
  2024   198     10.634518     10.072456      8.197788      7.779260      2.436736  49.820403  54.445050 39.264063 37.647813 38.211458 37.420208  95.640651    38.256260
  2024   199     11.082457     10.013328     14.033814     13.984976     -2.962303 108.640542 118.684444 39.092083 37.139271 37.540104 35.724896  93.906224    37.562490
  2024   200     11.761876      9.766516     13.663154     12.797787     -1.958031 129.864517 142.158897 38.965417 36.798542 37.069688 34.966667  92.908932    37.163573
  2024   201     12.222450     11.687742     14.133668     10.439720     -1.921820 147.372364 162.094666 38.709896 36.361562 36.536458 34.107396  91.669245    36.667698
  2024   202     11.937399     14.422726     14.778764     15.984732     -2.870550 118.999039 130.888884 38.452604 35.891667 36.072813 33.410104  90.544948    36.217979
  2024   203     11.226801     14.169803     14.194595     16.172481     -2.979785 115.311181 127.992449 38.296250 35.616354 35.725521 32.962187  89.805599    35.922240
  2024   204     11.235462     13.431210     11.613522     13.518712     -0.389040  90.882609 100.947227 38.077708 35.389063 35.513229 32.721667  89.248568    35.699427
  2024   205     11.086827     11.977528     12.284826     14.385586     -1.206232  99.289870 110.781952 37.941354 35.097812 35.229479 32.312188  88.583125    35.433250
  2024   206     10.633126     10.106345     10.442459      9.470669      0.156596  79.984158  90.246599 37.666562 34.773854 34.979792 31.974792  87.859089    35.143635
  2024   207     10.559391      9.935863      6.157507      6.201642      4.388445  45.347326  51.311904 37.696250 34.788438 35.060729 32.108021  88.015964    35.206385
  2024   208     10.559105     10.110869     12.124500     13.620348     -1.581298 105.881892 119.583498 37.557813 34.644792 34.846146 31.868854  87.559792    35.023917
  2024   209     10.608897      8.297605     12.469904     12.030006     -1.909866 114.948228 129.774348 37.285000 34.233438 34.495938 31.370938  86.637891    34.655156
  2024   210     11.323762      5.530893     13.129585     11.526597     -1.836094 116.202875 131.765062 36.890729 33.648125 33.949896 30.616875  85.262969    34.105187
  2024   211     12.243577      7.669488     13.507298     12.118166     -1.326291 119.346100 135.192125 36.302187 32.723229 33.123542 29.632604  83.247214    33.298885
  2024   212     12.942870     14.684991     13.248827     14.412506     -0.354394 115.055787 130.408188 35.440312 31.689896 31.990521 28.444583  80.640365    32.256146
  2024   213     13.312461     17.384215     12.552117     16.344189      0.709882 102.648993 115.952931 34.466354 30.543437 30.718854 27.124583  77.722917    31.089167
  2024   214     13.440241     15.980419     13.516510     15.593240     -0.100431 107.181406 121.054085 33.369792 29.412708 29.510625 25.819792  74.776562    29.910625
  2024   215     12.356866     14.019907     14.163101     14.403825     -1.839169  91.216630 102.943503 32.588958 28.617708 28.580729 24.774271  72.573255    29.029302
  2024   216     11.359666     10.858647      9.725615     11.213125      1.577183  68.017784  76.630509 32.236562 28.227292 28.043646 24.226146  71.436875    28.574750
  2024   217     10.487368      9.544910      9.709764      8.316883      0.719336  61.435811  69.159395 31.893542 27.924479 27.660521 23.843125  70.549349    28.219740
  2024   218     11.222588     12.881546     10.781266      4.387106      0.429674  74.888683  84.325691 31.333438 27.495417 27.199896 23.291979  69.293698    27.717479
  2024   219     10.604014     11.768670      6.527577      2.531711      4.050322  40.031610  44.864555 30.887292 27.162500 26.823125 22.880625  68.304375    27.321750
  2024   220      9.853076      9.141886     10.234252      7.901889     -0.282333  85.658880  95.991955 30.742604 27.028333 26.632708 22.686667  67.888984    27.155594
  2024   221     10.214024      9.642935      9.610423      9.980440      0.638256  79.399958  89.055908 30.046667 26.550521 26.186250 22.213333  66.556615    26.622646
  2024   222     10.835991     11.371658     11.130579     11.837806     -0.278734 120.917365 135.023921 29.235729 25.889271 25.442396 21.478437  64.692448    25.876979
  2024   223     10.571146     11.763958     10.974254     10.428247     -0.387247  64.733506  71.890496 28.560833 25.350208 24.684687 20.826875  63.022682    25.209073
  2024   224     10.750338     12.602092     12.936987     14.215243     -2.017994 115.137931 127.300158 28.009062 24.681771 24.018646 20.175521  61.449427    24.579771
  2024   225     11.792636     14.060216     11.641625     12.974652      0.151010 121.337172 133.906967 26.945937 23.614896 22.884896 18.932500  58.646823    23.458729
  2024   226     10.834353     13.309871     11.289021     12.939082     -0.454666 103.188936 113.308903 25.744167 22.461042 21.757604 17.810625  55.762161    22.304865
  2024   227     10.238922     13.068447     10.789233     12.984340     -0.550311  79.580374  86.558269 24.794167 21.489896 20.905521 16.976667  53.508047    21.403219
  2024   228     10.098878     13.388528      9.876961     11.911526      0.221922  97.694073 105.193194 23.849167 20.705104 20.147500 16.151875  51.425990    20.570396
  2024   229      9.565275     11.920284      9.898223     13.210268     -0.324622  93.829928 100.768055 23.675833 20.577729 20.031208 16.052938  51.095615    20.438246
  2024   230      9.023810      9.128977     11.296488     12.040633     -2.255976  83.037847  89.003758 22.437000 19.445521 18.966896 15.124000  48.337682    19.335073
  2024   231      8.927388      7.891852     11.102947     10.195123     -2.078040  84.350150  89.566189 20.315125 17.586188 17.190979 13.735500  43.790422    17.516169
  2024   232      8.781807      7.757045      9.729567      9.240893     -0.934598  86.039856  91.303396 20.082958 17.367875 16.980021 13.587938  43.275141    17.310056
  2024   233      8.557679      7.917577      9.425336      9.145988     -0.805076  97.358270 102.702567 19.178854 16.680312 16.260417 12.888542  41.363880    16.545552
  2024   234      8.162825      8.145538     10.809305      9.780043     -2.558023  83.483961  88.112384 18.347292 16.042188 15.616250 12.392604  39.690052    15.876021
  2024   235      8.801654      9.166473      6.181579      6.512007      2.620075  73.276333  77.284567 17.675521 15.503229 15.069583 11.917292  38.269089    15.307635
  2024   236      8.886316      9.781587      9.251111      9.971586     -0.348650 116.169701 121.731368 17.153437 15.271458 14.693021 11.609063  37.325104    14.930042
  2024   237      8.295717      9.254132      5.531081      5.339806      2.833077  51.483773  53.804728 16.904062 14.951354 14.468646 13.272188  37.641302    15.056521
  2024   238      8.461732      8.883715      8.591017      9.484283      0.215413  94.581992  98.209089 16.889583 14.885729 14.683854 15.326042  38.785964    15.514385
  2024   239      9.060746      9.150897     10.822925     10.280607     -1.748365  83.778498  86.978976 16.531875 14.693750 14.474063 14.671354  37.937005    15.174802
  2024   240      9.121184      9.439915     10.558589     10.809242     -1.402051  91.880576  95.178096 16.147500 14.447917 14.123854 13.774792  36.814870    14.725948
  2024   241      8.876590      9.209665      8.169294      8.342082      0.747792  69.800847  72.463992 15.598438 14.109479 13.774687 12.780000  35.474583    14.189833
  2024   242      7.890216      7.894416      9.820518     10.382348     -1.919131  76.335927  79.110541 15.045208 13.753646 13.459479 11.978854  34.244766    13.697906
  2024   243      7.194118      7.008085      9.723271      9.985468     -2.477620  73.297548  76.071236 14.568646 13.351458 13.109167 11.274583  33.071380    13.228552
  2024   244      7.161112      6.882627      8.014495      7.677887     -0.853387  54.526161  56.588387 14.071042 12.998542 12.779896 10.553021  31.913984    12.765594
  2024   245      7.691727      7.515741      8.997614      8.866981     -1.298937  73.861140  76.572108 13.528646 12.657187 12.479687 10.015000  30.842344    12.336937
  2024   246      7.402447      7.698064      6.304728      6.399795      1.114989  37.107659  38.405799 13.194167 12.353646 12.228229  9.731667  30.109453    12.043781
  2024   247      7.044306      7.655349      6.034307      6.632689      1.021072  39.438525  40.861868 13.079167 12.260312 12.161563  9.678125  29.899766    11.959906
  2024   248      6.119852      6.770525      7.199287      6.214180     -1.074697  29.798492  30.911313 13.067396 12.194792 12.016875  9.664896  29.743047    11.897219
  2024   249      6.266806      7.604374      5.900666      6.420752      0.373216  25.658765  26.606872 12.876042 12.066563 11.901979  9.494896  29.364245    11.745698
  2024   250      6.254224      8.411680      6.545296      8.628001     -0.283101  66.124696  68.570711 12.515417 11.849687 11.708854  9.230521  28.708307    11.483323
  2024   251      5.754843      7.578610      4.712927      5.439963      1.048573  45.828382  47.435796 12.158750 11.649167 11.491146  8.949583  28.036797    11.214719
  2024   252      4.919282      5.941504      4.948366      3.025688     -0.010191  51.120504  52.953264 11.952813 11.546667 11.367396  8.868750  27.697865    11.079146
  2024   253      3.734442      4.575062      4.032347      0.927888     -0.301478  35.238920  36.462796 11.933125 11.507188 11.296771  8.870208  27.611120    11.044448
  2024   254      2.921523      4.401426      4.100179      1.693831     -1.178658  37.626645  38.915924 11.954167 11.467708 11.235938  8.836979  27.544922    11.017969
  2024   255      2.204973      3.626605      6.078921      3.975278     -3.876508  53.218581  54.795316 11.909792 11.413333 11.193646  8.862917  27.465703    10.986281
  2024   256      2.355664      3.390027      3.376089      4.936167     -1.031491  43.695919  44.785674 11.858854 11.317500 11.118542  8.882500  27.333047    10.933219
  2024   257      2.708295      3.375998      3.974035      5.721636     -1.292813  48.127077  49.695579 11.686250 11.183958 11.015313  8.777500  27.006901    10.802760
  2024   258      3.116889      3.194550      4.399255      5.461279     -1.288248  51.310286  53.204217 11.526458 11.113333 10.762917  8.697917  26.622656    10.649062
  2024   259      3.638755      3.561910      4.788571      3.809334     -1.149817  36.038202  37.343395 11.363958 11.020313 10.685833  8.578125  26.336562    10.534625
  2024   260      3.873295      3.876958      5.657277      5.834533     -1.783982  43.816156  44.993046 11.296563 10.964271 10.653542  8.557187  26.223307    10.489323
  2024   261      4.229861      3.869757      5.261469      5.498817     -1.030723  44.714525  45.506950 11.095000 10.842813 10.524896  8.501250  25.886953    10.354781
  2024   262      4.921491      3.908705      4.913467      5.031535      0.008029  41.331584  42.086304 10.846562 10.750417 10.459687  8.358542  25.534167    10.213667
  2024   263      5.376445      4.032910      5.480069      5.190383     -0.103618  38.371326  39.099600 10.735521 10.678438 10.391250  8.288542  25.328568    10.131427
  2024   264      5.840296      4.993229      5.764590      5.302691      0.075708  39.844115  40.566151 10.572917 10.590104 10.301354  8.191458  25.046484    10.018594
  2024   265      6.154108      5.608199      6.175752      5.814448     -0.021646  46.176227  47.089299 10.545312 10.525521 10.242917  8.108021  24.907943     9.963177
  2024   266      6.353404      5.849121      4.010421      3.916504      2.342982  27.706050  28.169658 10.462917 10.448437 10.183125  8.098750  24.758125     9.903250
  2024   267      6.471206      6.713518      3.338152      4.404819      3.133050  35.835059  36.121982 10.439375 11.517188 10.363542  9.854375  26.287969    10.515187
  2024   268      6.183231      7.660172      3.865229      4.387851      2.318003  49.332320  50.234829 10.471771 11.432917 10.327292  9.540313  26.085911    10.434365
  2024   269      5.985361      7.504316      3.150032      4.273354      2.835329  30.650048  31.081391 10.452813 11.605833 10.927917 10.275000  26.975964    10.790385
  2024   270      6.492833      7.500084      4.071863      4.364625      2.420969  64.900157  65.972909 10.466875 14.026250 17.081042 17.091979  36.220052    14.488021
  2024   271      6.129871      5.805471      4.894703      4.840395      1.235167  72.890124  73.205081 10.482604 17.086354 23.282604 23.681458  45.707812    18.283125
  2024   272      5.686661      3.943541      5.393290      5.534446      0.293366  37.780539  38.106336 10.476250 17.598125 23.391771 22.433646  45.416901    18.166760
  2024   273      6.070201      4.238095      4.410837      3.742989      1.656402  31.566815  31.627202 10.477396 17.456875 22.842604 21.532188  44.484531    17.793812
  2024   274      6.733049      6.189407      4.774402      3.041813      1.959317  75.652874  75.730812 10.460833 17.511667 22.686146 21.430729  44.331432    17.732573
  2024   275      6.599254      7.605692      0.384334      1.950582      6.223005  69.447817  70.050433 10.507708 22.479271 27.963333 26.771875  53.478854    21.391542
  2024   276      6.546039      9.157797      3.052109      4.769943      3.490111  59.160029  60.226621 10.533750 27.719271 29.534271 26.784167  57.302734    22.921094
  2024   277      6.046733      7.173193      4.471460      5.803493      1.563444  39.348310  39.565935 10.569375 27.312604 28.135417 25.275104  55.322448    22.128979
  2024   278      6.042415      4.177714      4.345395      4.180709      1.666710  40.266360  40.399290 10.583438 26.856146 27.338333 24.456979  54.097891    21.639156
  2024   279      6.148965      2.981780      4.946956      3.609919      1.177528  32.348124  32.166334 10.586562 26.386563 26.785208 23.813854  53.129036    21.251615
  2024   280      6.785670      4.285566      3.903946      2.923027      2.825657  46.563315  46.339071 10.634688 25.992604 26.366563 23.276875  52.385677    20.954271
  2024   281      7.064929      5.367909      3.550393      4.031373      3.534016  51.510278  51.455628 10.688021 25.776563 26.163333 23.227604  52.140599    20.856240
  2024   282      7.091631      6.172360      3.997288      4.047156      3.095985  37.995820  37.913071 10.750729 26.577500 27.195625 25.065938  54.281484    21.712594
  2024   283      6.976043      6.861287      3.180474      3.246976      3.793274  48.034864  48.020167 10.833646 26.853437 27.341979 24.777292  54.447083    21.778833
  2024   284      5.834035      6.236619      4.909923      4.359865      0.909492  38.401749  38.276117 10.975729 26.913125 27.223542 24.809583  54.510807    21.804323
  2024   285      4.835771      6.281764      2.567623      5.503214      2.250742  26.045234  26.045875 11.026354 26.754375 26.958438 24.442604  54.087083    21.634833
  2024   286      5.175962      9.259140      2.119901      4.243205      3.051495  23.496472  23.545704 11.196146 26.441562 26.768229 24.031979  53.710052    21.484021
  2024   287      4.567061      8.207639      3.096292      5.039711      1.470770  20.995104  20.882883 11.375521 26.384375 26.743854 23.958646  53.761042    21.504417
  2024   288      4.436938      6.795981      2.153616      4.172378      2.283322  36.419446  35.845766 11.529687 26.444479 26.872396 24.177813  54.112708    21.645083
  2024   289      5.061526      6.617278      2.241239      2.932473      2.820287  18.368302  18.276147 11.722500 26.491354 26.990208 24.054583  54.307500    21.723000
  2024   290      5.939972      7.456062      2.745981      3.084444      3.193990  26.841389  27.209727 11.904167 26.369271 26.899375 23.853229  54.213906    21.685562
  2024   291      5.812157      6.994849      3.064387      3.760725      2.747770  33.386154  34.110367 12.128542 27.054271 27.778646 25.037188  55.976120    22.390448
  2024   292      5.432195      6.927414      2.866293      3.998504      2.568289  24.253904  24.651365 12.378750 27.009792 27.540000 24.688854  55.788385    22.315354
  2024   293      6.005408      8.273393      2.169202      2.905127      3.838531  23.871941  24.360129 12.588021 27.241875 28.017292 25.852917  57.001380    22.800552
  2024   294      6.290170      8.608245      0.908468      1.985194      5.379151  22.641719  23.259650 12.908854 27.670312 28.579271 26.530208  58.216354    23.286542
  2024   295      6.193922      8.138981      1.605236      2.727464      4.591516  20.417501  21.011098 13.241042 27.721979 28.459583 26.163958  58.218438    23.287375
  2024   296      6.047210      7.247574      1.988424      3.359606      4.059107  15.092920  15.552378 13.667604 27.536563 28.111771 25.534063  57.869844    23.147937
  2024   297      6.296192      7.008023      2.390523      2.870710      3.914450  22.153640  22.933915 14.055000 27.495313 27.850417 25.284271  57.818854    23.127542
  2024   298      6.169124      6.515551      2.213291      3.171085      3.958093  23.951098  24.904440 14.420938 27.275000 27.678229 25.072083  57.747917    23.099167
  2024   299      6.367731      6.509898      2.101595      2.132283      4.322855  16.192756  16.868011 14.728229 27.167708 27.519063 25.186042  57.862344    23.144937
  2024   300      5.585596      5.636386      0.698498      1.564027      4.888017   9.303761   9.763127 15.182187 27.114687 27.413333 25.197812  58.102891    23.241156
  2024   301      5.362351      5.180673      2.204573      2.912657      3.158894  19.826909  20.911223 15.511250 26.962187 27.267396 25.059896  58.095026    23.238010
  2024   302      5.934257      6.029147      0.911850      1.625674      5.017612  21.129673  22.167272 15.852708 27.018646 27.442708 25.309375  58.635573    23.454229
  2024   303      5.921340      6.062954      1.873321      1.859006      4.063348  15.066588  15.956158 16.268333 27.165937 27.694792 25.495938  59.303281    23.721312
  2024   304      5.361942      5.198453      1.889742      2.190179      3.472513  13.222372  14.039653 16.684896 27.162604 27.665521 25.337708  59.512969    23.805188
  2024   305      4.757941      4.105537      1.846929      2.059040      2.910862   9.035811   9.607340 17.182813 27.153646 27.526458 25.215417  59.716484    23.886594
  2024   306      4.700600      4.052848      1.025568      1.095457      3.675114  10.808690  11.656045 17.532083 27.118437 27.440417 25.118854  59.848021    23.939208
  2024   307      4.803338      4.691800      1.213326      1.626467      3.590013  19.004645  20.796927 17.896042 27.186146 27.389375 25.033021  60.073646    24.029458
  2024   308      4.541907      3.986031      1.701878      1.893912      2.840030  14.890433  16.243889 18.293958 27.170000 27.300208 24.963542  60.262396    24.104958
  2024   309      4.565052      4.202671      0.992356      1.085564      3.572696   9.833899  10.784977 18.552708 27.156667 27.204583 24.806146  60.299375    24.119750
  2024   310      4.445140      4.078304      1.506097      1.415367      2.939044   9.102772  10.112173 18.937917 27.258125 27.160937 24.650625  60.528516    24.211406
  2024   311      4.418820      4.220842      1.296992      1.110649      3.121828   6.518131   7.266081 19.310208 27.184896 27.100313 24.668021  60.734349    24.293740
  2024   312      4.515955      4.645202      1.180054      1.152092      3.335902  12.325717  13.789106 19.754167 27.170521 27.040729 24.690729  61.026797    24.410719
  2024   313      4.234105      4.185424      1.253458      1.052479      2.980648  11.410641  12.705148 20.107187 27.140521 26.957083 24.794687  61.265807    24.506323
  2024   314      3.939626      3.901209      0.783098      0.776173      3.156527   4.583161   5.110180 20.430312 27.058333 26.937604 24.616563  61.363385    24.545354
  2024   315      3.861322      3.906706      1.554590      1.457359      2.306732   9.189363  10.278456 20.643125 26.897604 26.860313 24.509583  61.331172    24.532469
  2024   316      3.717915      3.333047      1.794309      2.220170      1.923605  17.331799  19.403483 20.833229 26.849896 26.802917 24.547396  61.425755    24.570302
  2024   317      3.781204      3.201944      2.439007      1.966473      1.342197  19.754986  22.103457 20.971146 26.902292 26.795208 24.385208  61.468516    24.587406
  2024   318      3.528518      2.809386      1.871938      2.053008      1.656579  10.892421  12.242912 21.121667 26.838958 26.691042 24.345417  61.451719    24.580687
  2024   319      3.701809      2.759388      1.877548      1.477306      1.824261  13.205378  14.837482 21.248333 26.773438 26.645833 24.278437  61.446562    24.578625
  2024   320      3.625811      2.025219      1.792250      1.084170      1.833562  10.815410  12.069899 21.348854 26.817187 26.558958 24.285312  61.482109    24.592844
  2024   321      3.794546      1.738678      1.437748      0.723913      2.356798   8.657757   9.681988 21.462708 26.739062 26.552083 24.293750  61.527500    24.611000
  2024   322      3.612500      1.637303      1.580984      1.114664      2.031516  21.474030  24.109932 21.614167 26.996146 27.058958 25.077500  62.541667    25.016667
  2024   323      3.293485      1.927041      0.983420      1.084675      2.310065  25.985422  29.186861 21.804271 27.645312 27.951771 26.556562  64.417969    25.767188
  2024   324      3.443293      2.814042      1.188767      0.896646      2.254527  35.413653  39.725855 22.284167 30.832917 32.977917 33.202083  73.464062    29.385625
  2024   325      3.170711      3.028957      1.063533      1.323434      2.107178  17.899767  20.003424 23.195104 30.514375 30.991354 30.083646  70.938854    28.375542
  2024   326      2.963782      2.939308      0.767967      1.073182      2.195816   1.597736   1.778497 23.666458 29.786875 30.097708 28.880521  69.656823    27.862729
  2024   327      3.391587      3.389858      0.865077      1.239859      2.526510  12.812976  14.267419 23.935521 29.380938 30.036875 28.362604  69.351068    27.740427
  2024   328      4.164131      4.106422      0.320366      0.245006      3.843765  42.121707  45.861992 24.133021 29.833542 30.751979 29.242812  70.701927    28.280771
  2024   329      5.077823      5.080973     -0.600956      0.698496      5.678779  66.252533  71.950285 24.586771 30.500833 30.492812 29.143333  71.131771    28.452708
  2024   330      4.193960      4.303946      1.554576      1.265504      2.639385  25.199959  26.744653 24.724375 30.400312 30.236250 28.468958  70.655104    28.262042
  2024   331      3.545555      3.484349      1.402963      1.551309      2.142592   8.322231   8.804439 24.881771 29.894583 29.768854 28.109792  69.990156    27.996062
  2024   332      3.569667      3.086019      0.010697      0.486264      3.558971  40.163207  42.587485 25.339583 31.720313 32.605521 32.483333  75.560651    30.224260
  2024   333      2.963417      2.524388      1.001710      1.274361      1.961707   3.260584   3.445905 26.033229 31.641042 31.647813 30.522396  74.342500    29.737000
  2024   334      3.384747      3.556564      1.130031      1.303969      2.254717  12.927513  13.339042 26.198750 30.967396 30.943854 29.354896  73.018099    29.207240
  2024   335      3.838221      4.929998      0.436412      0.989923      3.401809  26.566836  27.367964 26.123958 30.704063 30.618229 28.886563  72.351953    28.940781
  2024   336      3.917588      5.406677     -0.106531      0.909356      4.024118  18.414966  18.468924 26.172813 30.496562 30.216250 28.501042  71.790599    28.716240
  2024   337      3.703740      4.861045      0.940370      1.275283      2.763370  34.468207  34.248016 26.184479 30.344479 30.166875 28.440521  71.656016    28.662406
  2024   338      3.152275      2.899275      0.262110      1.260009      2.890165   5.937386   5.889149 26.414792 30.400208 30.405521 28.681146  72.155911    28.862365
  2024   339      3.366822      2.411512      1.199251      0.916685      2.167572   6.822031   6.709521 26.416979 30.165208 30.049688 28.295833  71.580521    28.632208
  2024   340      4.244734      4.125705      0.522282      0.771242      3.722452  37.052988  36.331681 26.536875 30.935833 31.573229 30.745833  74.423411    29.769365
  2024   341      3.566314      3.299486      1.309254      1.448675      2.257344  29.680413  29.007756 27.005417 31.963958 32.373646 31.351250  76.191901    30.476760
  2024   342      3.381030      5.889756      0.238884      0.740961      3.143501  33.117215  32.263835 26.984792 31.896458 31.826875 30.781458  75.447708    30.179083
  2024   343      3.084574      5.692574      0.665062      1.057387      2.421656  72.355977  71.548671 27.664479 34.535312 34.766562 34.233229  81.207552    32.483021
  2024   344      2.883877      3.173496      1.216730      1.216502      1.667566  38.244537  38.019348 28.195208 34.181771 33.376667 32.225938  79.382760    31.753104
  2024   345      2.763343      2.117210      1.588968      0.753668      1.174839  24.078781  24.026694 28.159271 33.356250 31.888333 30.487500  76.957578    30.783031
  2024   346      2.638702      2.324373      0.977152      0.923064      1.670868  10.507475  10.414184 28.231250 32.959583 31.407604 29.918646  76.168255    30.467302
  2024   347      2.601446      2.695996      0.877170      1.180981      1.726194  17.252156  17.125303 28.289375 32.725313 31.223750 29.791875  75.893438    30.357375
  2024   348      2.400277      2.889360     -0.140652      0.538755      2.541996   6.528234   6.364005 28.321458 32.684583 31.168542 29.799583  75.859583    30.343833
  2024   349      2.500047      3.094038      0.840888      1.588061      1.659880  18.397366  17.229082 28.383125 32.655625 31.152604 29.961667  75.960443    30.384177
  2024   350      2.929390      3.395923      1.021586      1.174908      1.907968   9.218616   8.911685 28.427917 32.656771 31.111146 30.023854  75.994609    30.397844
  2024   351      3.173710      3.278725      1.129471      1.252203      2.044240  16.321123  15.279764 29.090521 32.585417 31.018438 29.925000  76.336927    30.534771
  2024   352      3.098777      2.698011      0.705113      0.495558      2.394630  14.149643  12.867060 29.457604 32.397083 30.971875 29.840208  76.440755    30.576302
  2024   353      3.597069      2.823770      0.920126      0.578642      2.676944  25.472379  23.547867 29.801458 32.536771 31.025625 30.045104  76.911250    30.764500
  2024   354      2.924655      2.441292      0.883137      0.881561      2.041518  28.860280  26.927405 31.602500 34.211562 33.609479 33.577708  82.803620    33.121448
  2024   355      2.838892      2.343975      0.784888      0.679991      2.053778   9.579194   8.882587 31.833542 33.787083 32.799271 31.872083  81.304193    32.521677
  2024   356      3.117596      2.408542      0.686014      0.523851      2.431946  23.633479  21.099510 31.916979 33.809479 32.823438 31.819375  81.369740    32.547896
  2024   357      2.800261      2.244389      0.848896      0.831535      1.950322  31.942628  29.021354 31.988333 33.967500 32.674479 31.667292  81.314505    32.525802
  2024   358      2.640677      2.361766      1.139666      0.897155      1.500634  16.663863  15.778201 32.410208 33.799896 32.400625 31.369479  81.192813    32.477125
  2024   359      2.910982      3.091400      1.000747      1.050605      1.910115   6.333090   6.066443 32.920521 33.630625 32.230938 31.173958  81.265885    32.506354
  2024   360      2.873289      3.238578      0.992612      1.056038      1.880678   6.133668   5.964925 32.925625 33.599375 32.462292 31.045833  81.363542    32.545417
  2024   361      2.671329      2.334297      0.418618      1.018140      2.257824  10.436989  10.006707 32.911458 33.554375 32.442813 30.906250  81.246016    32.498406
  2024   362      2.534091      1.537315      1.643843      0.852358      0.888451   4.875638   4.723569 32.835521 33.617396 32.413542 30.920000  81.205495    32.482198
  2024   363      2.505228      1.542721      1.399219      0.878834      1.090465   8.831407   8.563309 32.800521 33.633750 32.383646 30.928438  81.169219    32.467688
  2024   364      2.736205      2.772595      1.318714      1.316998      1.414221   9.952241   9.885530 32.790417 33.721667 32.388333 31.008958  81.249375    32.499750
  2024   365      3.016879      3.571662      1.240818      1.585903      1.776060  14.225724  13.998200 33.159896 33.652604 32.354688 30.916563  81.420521    32.568208
  2024   366      3.307323      4.780629      0.577298      1.312045      2.730862  26.760619  26.222133 33.402500 33.656146 32.293438 30.871458  81.535755    32.614302